code,last_err,retry_cnt,updated_at
sh.600193,empty_from_all_sources,5,2026-08-26 16:32:51
sh.600421,empty_from_all_sources,5,2026-08-26 16:33:09
sh.600599,empty_from_all_sources,5,2026-08-26 17:33:14
sh.600608,empty_from_all_sources,5,2026-08-26 17:33:15
sh.600636,empty_from_all_sources,5,2026-08-26 17:33:19
sh.600696,empty_from_all_sources,5,2026-08-26 17:33:24
sh.605081,empty_from_all_sources,5,2026-08-26 20:54:14
sz.000004,empty_from_all_sources,4,2026-08-25 16:26:17
sz.002084,empty_from_all_sources,4,2026-08-25 16:26:22
sz.002155,empty_from_all_sources,4,2026-08-25 16:26:22
sz.002445,empty_from_all_sources,4,2026-08-25 16:26:28
sz.002446,empty_from_all_sources,4,2026-08-25 16:26:28
sz.002448,empty_from_all_sources,4,2026-08-25 16:26:28
sz.002449,empty_from_all_sources,4,2026-08-25 16:26:28
sz.002451,empty_from_all_sources,4,2026-08-25 16:26:28
sz.002452,empty_from_all_sources,4,2026-08-25 16:26:28
sz.002453,empty_from_all_sources,4,2026-08-25 16:26:28
sz.002454,empty_from_all_sources,4,2026-08-25 16:26:28
sz.002455,empty_from_all_sources,4,2026-08-25 16:26:28
sz.002456,empty_from_all_sources,4,2026-08-25 16:26:28
sz.002457,empty_from_all_sources,4,2026-08-25 16:26:28
sz.002459,empty_from_all_sources,4,2026-08-25 16:26:28
sz.002808,empty_from_all_sources,4,2026-08-25 16:26:30
sz.002898,empty_from_all_sources,4,2026-08-25 16:26:31
sz.300029,empty_from_all_sources,4,2026-08-25 16:26:32
sh.601778,empty_from_all_sources,3,2026-08-26 19:08:01
sh.601869,empty_from_all_sources,3,2026-08-26 19:35:14
sh.601872,empty_from_all_sources,3,2026-08-26 19:35:25
sh.603296,empty_from_all_sources,3,2026-08-26 19:37:38
sz.002035,empty_from_all_sources,3,2026-08-25 16:26:22
sz.002073,empty_from_all_sources,3,2026-08-25 16:26:22
sz.002356,empty_from_all_sources,3,2026-08-25 16:26:28
sz.002357,empty_from_all_sources,3,2026-08-25 16:26:28
sz.002358,empty_from_all_sources,3,2026-08-25 16:26:28
sz.002360,empty_from_all_sources,3,2026-08-25 16:26:28
sz.002362,empty_from_all_sources,3,2026-08-25 16:26:28
sz.002363,empty_from_all_sources,3,2026-08-25 16:26:28
sz.002365,empty_from_all_sources,3,2026-08-25 16:26:28
sz.002366,empty_from_all_sources,3,2026-08-25 16:26:28
sz.002367,empty_from_all_sources,3,2026-08-25 16:26:28
sz.002368,empty_from_all_sources,3,2026-08-25 16:26:28
sz.002369,empty_from_all_sources,3,2026-08-25 16:26:28
sz.002370,empty_from_all_sources,3,2026-08-25 16:26:28
sz.002372,empty_from_all_sources,3,2026-08-25 16:26:28
sz.002373,empty_from_all_sources,3,2026-08-25 16:26:28
sz.002374,empty_from_all_sources,3,2026-08-25 16:26:28
sz.002375,empty_from_all_sources,3,2026-08-25 16:26:28
sz.002376,empty_from_all_sources,3,2026-08-25 16:26:28
sz.002377,empty_from_all_sources,3,2026-08-25 16:26:28
sz.002378,empty_from_all_sources,3,2026-08-25 16:26:28
sz.002379,empty_from_all_sources,3,2026-08-25 16:26:28
sz.002380,empty_from_all_sources,3,2026-08-25 16:26:28
sz.002381,empty_from_all_sources,3,2026-08-25 16:26:28
sz.002382,empty_from_all_sources,3,2026-08-25 16:26:28
sz.002383,empty_from_all_sources,3,2026-08-25 16:26:28
sz.002385,empty_from_all_sources,3,2026-08-25 16:26:28
sz.002386,empty_from_all_sources,3,2026-08-25 16:26:28
sz.002387,empty_from_all_sources,3,2026-08-25 16:26:28
sz.002388,empty_from_all_sources,3,2026-08-25 16:26:28
sz.002389,empty_from_all_sources,3,2026-08-25 16:26:28
sz.002390,empty_from_all_sources,3,2026-08-25 16:26:28
sz.002391,empty_from_all_sources,3,2026-08-25 16:26:28
sz.002392,empty_from_all_sources,3,2026-08-25 16:26:28
sz.002393,empty_from_all_sources,3,2026-08-25 16:26:28
sz.002394,empty_from_all_sources,3,2026-08-25 16:26:28
sz.002395,empty_from_all_sources,3,2026-08-25 16:26:28
sz.002397,empty_from_all_sources,3,2026-08-25 16:26:28
sz.002398,empty_from_all_sources,3,2026-08-25 16:26:28
sz.002399,empty_from_all_sources,3,2026-08-25 16:26:28
sz.002400,empty_from_all_sources,3,2026-08-25 16:26:28
sz.002401,empty_from_all_sources,3,2026-08-25 16:26:28
sz.002402,empty_from_all_sources,3,2026-08-25 16:26:28
sz.002403,empty_from_all_sources,3,2026-08-25 16:26:28
sz.002404,empty_from_all_sources,3,2026-08-25 16:26:28
sz.002405,empty_from_all_sources,3,2026-08-25 16:26:28
sz.002406,empty_from_all_sources,3,2026-08-25 16:26:28
sz.002408,empty_from_all_sources,3,2026-08-25 16:26:28
sz.002410,empty_from_all_sources,3,2026-08-25 16:26:28
sz.002412,empty_from_all_sources,3,2026-08-25 16:26:28
sz.002413,empty_from_all_sources,3,2026-08-25 16:26:28
sz.002414,empty_from_all_sources,3,2026-08-25 16:26:28
sz.002416,empty_from_all_sources,3,2026-08-25 16:26:28
sz.002418,empty_from_all_sources,3,2026-08-25 16:26:28
sz.002419,empty_from_all_sources,3,2026-08-25 16:26:28
sz.002420,empty_from_all_sources,3,2026-08-25 16:26:28
sz.002421,empty_from_all_sources,3,2026-08-25 16:26:28
sz.002422,empty_from_all_sources,3,2026-08-25 16:26:28
sz.002423,empty_from_all_sources,3,2026-08-25 16:26:28
sz.002424,empty_from_all_sources,3,2026-08-25 16:26:28
sz.002425,empty_from_all_sources,3,2026-08-25 16:26:28
sz.002426,empty_from_all_sources,3,2026-08-25 16:26:28
sz.002427,empty_from_all_sources,3,2026-08-25 16:26:28
sz.002429,empty_from_all_sources,3,2026-08-25 16:26:28
sz.002430,empty_from_all_sources,3,2026-08-25 16:26:28
sz.002431,empty_from_all_sources,3,2026-08-25 16:26:28
sz.002432,empty_from_all_sources,3,2026-08-25 16:26:28
sz.002434,empty_from_all_sources,3,2026-08-25 16:26:28
sz.002438,empty_from_all_sources,3,2026-08-25 16:26:28
sz.002439,empty_from_all_sources,3,2026-08-25 16:26:28
sz.002440,empty_from_all_sources,3,2026-08-25 16:26:28
sz.002441,empty_from_all_sources,3,2026-08-25 16:26:28
sz.002442,empty_from_all_sources,3,2026-08-25 16:26:28
sz.002443,empty_from_all_sources,3,2026-08-25 16:26:28
sz.002444,empty_from_all_sources,3,2026-08-25 16:26:28
sz.002460,empty_from_all_sources,3,2026-08-25 16:26:28
sz.002461,empty_from_all_sources,3,2026-08-25 16:26:28
sz.002462,empty_from_all_sources,3,2026-08-25 16:26:28
sz.002465,empty_from_all_sources,3,2026-08-25 16:26:28
sz.002467,empty_from_all_sources,3,2026-08-25 16:26:28
sz.002468,empty_from_all_sources,3,2026-08-25 16:26:28
sz.002469,empty_from_all_sources,3,2026-08-25 16:26:28
sz.002470,empty_from_all_sources,3,2026-08-25 16:26:28
sz.002471,empty_from_all_sources,3,2026-08-25 16:26:28
sz.002474,empty_from_all_sources,3,2026-08-25 16:26:28
sz.002476,empty_from_all_sources,3,2026-08-25 16:26:28
sz.002478,empty_from_all_sources,3,2026-08-25 16:26:28
sz.002479,empty_from_all_sources,3,2026-08-25 16:26:29
sz.002480,empty_from_all_sources,3,2026-08-25 16:26:29
sz.002481,empty_from_all_sources,3,2026-08-25 16:26:29
sz.002482,empty_from_all_sources,3,2026-08-25 16:26:29
sz.002483,empty_from_all_sources,3,2026-08-25 16:26:29
sz.002485,empty_from_all_sources,3,2026-08-25 16:26:29
sz.002486,empty_from_all_sources,3,2026-08-25 16:26:29
sz.002487,empty_from_all_sources,3,2026-08-25 16:26:29
sz.002488,empty_from_all_sources,3,2026-08-25 16:26:29
sz.002489,empty_from_all_sources,3,2026-08-25 16:26:29
sz.002490,empty_from_all_sources,3,2026-08-25 16:26:29
sz.002492,empty_from_all_sources,3,2026-08-25 16:26:29
sz.002493,empty_from_all_sources,3,2026-08-25 16:26:29
sz.002494,empty_from_all_sources,3,2026-08-25 16:26:29
sz.002495,empty_from_all_sources,3,2026-08-25 16:26:29
sz.002496,empty_from_all_sources,3,2026-08-25 16:26:29
sz.002497,empty_from_all_sources,3,2026-08-25 16:26:29
sz.002498,empty_from_all_sources,3,2026-08-25 16:26:29
sz.002500,empty_from_all_sources,3,2026-08-25 16:26:29
sz.002501,empty_from_all_sources,3,2026-08-25 16:26:29
sz.002506,empty_from_all_sources,3,2026-08-25 16:26:29
sz.002507,empty_from_all_sources,3,2026-08-25 16:26:29
sz.002508,empty_from_all_sources,3,2026-08-25 16:26:29
sz.002510,empty_from_all_sources,3,2026-08-25 16:26:29
sz.002511,empty_from_all_sources,3,2026-08-25 16:26:29
sz.002512,empty_from_all_sources,3,2026-08-25 16:26:29
sz.002513,empty_from_all_sources,3,2026-08-25 16:26:29
sz.002514,empty_from_all_sources,3,2026-08-25 16:26:29
sz.002515,empty_from_all_sources,3,2026-08-25 16:26:29
sz.002516,empty_from_all_sources,3,2026-08-25 16:26:29
sz.002517,empty_from_all_sources,3,2026-08-25 16:26:29
sz.002518,empty_from_all_sources,3,2026-08-25 16:26:29
sz.002519,empty_from_all_sources,3,2026-08-25 16:26:29
sz.002520,empty_from_all_sources,3,2026-08-25 16:26:29
sz.002521,empty_from_all_sources,3,2026-08-25 16:26:29
sz.002522,empty_from_all_sources,3,2026-08-25 16:26:29
sz.002523,empty_from_all_sources,3,2026-08-25 16:26:29
sz.002524,empty_from_all_sources,3,2026-08-25 16:26:29
sz.002526,empty_from_all_sources,3,2026-08-25 16:26:29
sz.002527,empty_from_all_sources,3,2026-08-25 16:26:29
sz.002528,empty_from_all_sources,3,2026-08-25 16:26:29
sz.002529,empty_from_all_sources,3,2026-08-25 16:26:29
sz.002530,empty_from_all_sources,3,2026-08-25 16:26:29
sz.002531,empty_from_all_sources,3,2026-08-25 16:26:29
sz.002532,empty_from_all_sources,3,2026-08-25 16:26:29
sz.002533,empty_from_all_sources,3,2026-08-25 16:26:29
sz.002534,empty_from_all_sources,3,2026-08-25 16:26:29
sz.002535,empty_from_all_sources,3,2026-08-25 16:26:29
sz.002537,empty_from_all_sources,3,2026-08-25 16:26:29
sz.002538,empty_from_all_sources,3,2026-08-25 16:26:29
sz.002539,empty_from_all_sources,3,2026-08-25 16:26:29
sz.002540,empty_from_all_sources,3,2026-08-25 16:26:29
sz.002541,empty_from_all_sources,3,2026-08-25 16:26:29
sz.300012,empty_from_all_sources,3,2026-08-25 16:26:32
sz.300013,empty_from_all_sources,3,2026-08-25 16:26:32
sz.300053,empty_from_all_sources,3,2026-08-25 16:26:32
sz.300291,empty_from_all_sources,3,2026-08-25 16:26:34
sz.300292,empty_from_all_sources,3,2026-08-25 16:26:34
sz.300293,empty_from_all_sources,3,2026-08-25 16:26:34
sz.300294,empty_from_all_sources,3,2026-08-25 16:26:34
sz.300295,empty_from_all_sources,3,2026-08-25 16:26:34
sz.300296,empty_from_all_sources,3,2026-08-25 16:26:34
sz.300298,empty_from_all_sources,3,2026-08-25 16:26:34
sz.300299,empty_from_all_sources,3,2026-08-25 16:26:34
sz.300300,empty_from_all_sources,3,2026-08-25 16:26:34
sz.300301,empty_from_all_sources,3,2026-08-25 16:26:34
sz.300302,empty_from_all_sources,3,2026-08-25 16:26:34
sz.300303,empty_from_all_sources,3,2026-08-25 16:26:34
sz.300304,empty_from_all_sources,3,2026-08-25 16:26:34
sz.300305,empty_from_all_sources,3,2026-08-25 16:26:34
sz.300306,empty_from_all_sources,3,2026-08-25 16:26:34
sz.300307,empty_from_all_sources,3,2026-08-25 16:26:34
sz.300310,empty_from_all_sources,3,2026-08-25 16:26:34
sz.300311,empty_from_all_sources,3,2026-08-25 16:26:34
sz.300313,empty_from_all_sources,3,2026-08-25 16:26:34
sz.300314,empty_from_all_sources,3,2026-08-25 16:26:34
sz.300315,empty_from_all_sources,3,2026-08-25 16:26:34
sz.300316,empty_from_all_sources,3,2026-08-25 16:26:34
sz.300317,empty_from_all_sources,3,2026-08-25 16:26:34
sz.300318,empty_from_all_sources,3,2026-08-25 16:26:34
sz.300320,empty_from_all_sources,3,2026-08-25 16:26:34
sz.300321,empty_from_all_sources,3,2026-08-25 16:26:34
sz.300322,empty_from_all_sources,3,2026-08-25 16:26:34
sz.300323,empty_from_all_sources,3,2026-08-25 16:26:34
sz.300324,empty_from_all_sources,3,2026-08-25 16:26:34
sz.300326,empty_from_all_sources,3,2026-08-25 16:26:34
sz.300327,empty_from_all_sources,3,2026-08-25 16:26:34
sz.300328,empty_from_all_sources,3,2026-08-25 16:26:34
sz.300329,empty_from_all_sources,3,2026-08-25 16:26:34
sz.300331,empty_from_all_sources,3,2026-08-25 16:26:34
sz.300332,empty_from_all_sources,3,2026-08-25 16:26:34
sz.300333,empty_from_all_sources,3,2026-08-25 16:26:34
sz.300334,empty_from_all_sources,3,2026-08-25 16:26:34
sz.300335,empty_from_all_sources,3,2026-08-25 16:26:34
sz.300337,empty_from_all_sources,3,2026-08-25 16:26:34
sz.300338,empty_from_all_sources,3,2026-08-25 16:26:34
sz.300339,empty_from_all_sources,3,2026-08-25 16:26:34
sz.300340,empty_from_all_sources,3,2026-08-25 16:26:34
sz.300341,empty_from_all_sources,3,2026-08-25 16:26:34
sz.300342,empty_from_all_sources,3,2026-08-25 16:26:34
sz.300343,empty_from_all_sources,3,2026-08-25 16:26:34
sz.300345,empty_from_all_sources,3,2026-08-25 16:26:34
sz.300347,empty_from_all_sources,3,2026-08-25 16:26:34
sz.300348,empty_from_all_sources,3,2026-08-25 16:26:34
sz.300349,empty_from_all_sources,3,2026-08-25 16:26:34
sz.300350,empty_from_all_sources,3,2026-08-25 16:26:34
sz.300351,empty_from_all_sources,3,2026-08-25 16:26:34
sz.300352,empty_from_all_sources,3,2026-08-25 16:26:34
sz.300353,empty_from_all_sources,3,2026-08-25 16:26:34
sz.300354,empty_from_all_sources,3,2026-08-25 16:26:34
sz.300355,empty_from_all_sources,3,2026-08-25 16:26:34
sz.300357,empty_from_all_sources,3,2026-08-25 16:26:34
sz.300358,empty_from_all_sources,3,2026-08-25 16:26:34
sz.300359,empty_from_all_sources,3,2026-08-25 16:26:34
sz.300360,empty_from_all_sources,3,2026-08-25 16:26:34
sz.300363,empty_from_all_sources,3,2026-08-25 16:26:34
sz.300364,empty_from_all_sources,3,2026-08-25 16:26:34
sz.300365,empty_from_all_sources,3,2026-08-25 16:26:34
sz.300366,empty_from_all_sources,3,2026-08-25 16:26:34
sz.300368,empty_from_all_sources,3,2026-08-25 16:26:34
sz.300369,empty_from_all_sources,3,2026-08-25 16:26:34
sz.300370,empty_from_all_sources,3,2026-08-25 16:26:34
sz.300371,empty_from_all_sources,3,2026-08-25 16:26:34
sz.300374,empty_from_all_sources,3,2026-08-25 16:26:34
sz.300375,empty_from_all_sources,3,2026-08-25 16:26:34
sz.300376,empty_from_all_sources,3,2026-08-25 16:26:34
sz.300377,empty_from_all_sources,3,2026-08-25 16:26:34
sz.300378,empty_from_all_sources,3,2026-08-25 16:26:34
sz.300380,empty_from_all_sources,3,2026-08-25 16:26:34
sz.300381,empty_from_all_sources,3,2026-08-25 16:26:34
sz.300382,empty_from_all_sources,3,2026-08-25 16:26:34
sz.300383,empty_from_all_sources,3,2026-08-25 16:26:34
sz.300384,empty_from_all_sources,3,2026-08-25 16:26:34
sz.300385,empty_from_all_sources,3,2026-08-25 16:26:34
sz.300386,empty_from_all_sources,3,2026-08-25 16:26:34
sz.300387,empty_from_all_sources,3,2026-08-25 16:26:34
sz.300388,empty_from_all_sources,3,2026-08-25 16:26:34
sz.300389,empty_from_all_sources,3,2026-08-25 16:26:34
sz.300393,empty_from_all_sources,3,2026-08-25 16:26:34
sz.300395,empty_from_all_sources,3,2026-08-25 16:26:34
sz.300396,empty_from_all_sources,3,2026-08-25 16:26:34
sz.300397,empty_from_all_sources,3,2026-08-25 16:26:34
sz.300399,empty_from_all_sources,3,2026-08-25 16:26:34
sz.300400,empty_from_all_sources,3,2026-08-25 16:26:35
sz.300401,empty_from_all_sources,3,2026-08-25 16:26:35
sz.300402,empty_from_all_sources,3,2026-08-25 16:26:35
sz.300403,empty_from_all_sources,3,2026-08-25 16:26:35
sz.300405,empty_from_all_sources,3,2026-08-25 16:26:35
sz.300406,empty_from_all_sources,3,2026-08-25 16:26:35
sz.300407,empty_from_all_sources,3,2026-08-25 16:26:35
sz.300409,empty_from_all_sources,3,2026-08-25 16:26:35
sz.300410,empty_from_all_sources,3,2026-08-25 16:26:35
sz.300411,empty_from_all_sources,3,2026-08-25 16:26:35
sz.300412,empty_from_all_sources,3,2026-08-25 16:26:35
sz.300413,empty_from_all_sources,3,2026-08-25 16:26:35
sz.300414,empty_from_all_sources,3,2026-08-25 16:26:35
sz.300415,empty_from_all_sources,3,2026-08-25 16:26:35
sz.300416,empty_from_all_sources,3,2026-08-25 16:26:35
sz.300417,empty_from_all_sources,3,2026-08-25 16:26:35
sz.300419,empty_from_all_sources,3,2026-08-25 16:26:35
sz.300420,empty_from_all_sources,3,2026-08-25 16:26:35
sz.300421,empty_from_all_sources,3,2026-08-25 16:26:35
sz.300422,empty_from_all_sources,3,2026-08-25 16:26:35
sz.300423,empty_from_all_sources,3,2026-08-25 16:26:35
sz.300424,empty_from_all_sources,3,2026-08-25 16:26:35
sz.300425,empty_from_all_sources,3,2026-08-25 16:26:35
sz.300426,empty_from_all_sources,3,2026-08-25 16:26:35
sz.300427,empty_from_all_sources,3,2026-08-25 16:26:35
sz.300428,empty_from_all_sources,3,2026-08-25 16:26:35
sz.300429,empty_from_all_sources,3,2026-08-25 16:26:35
sz.300430,empty_from_all_sources,3,2026-08-25 16:26:35
sz.300432,empty_from_all_sources,3,2026-08-25 16:26:35
sz.300434,empty_from_all_sources,3,2026-08-25 16:26:35
sz.300435,empty_from_all_sources,3,2026-08-25 16:26:35
sz.300436,empty_from_all_sources,3,2026-08-25 16:26:35
sz.300437,empty_from_all_sources,3,2026-08-25 16:26:35
sz.300438,empty_from_all_sources,3,2026-08-25 16:26:35
sz.300439,empty_from_all_sources,3,2026-08-25 16:26:35
sz.300440,empty_from_all_sources,3,2026-08-25 16:26:35
sz.300441,empty_from_all_sources,3,2026-08-25 16:26:35
sz.300442,empty_from_all_sources,3,2026-08-25 16:26:35
sz.300443,empty_from_all_sources,3,2026-08-25 16:26:35
sz.300444,empty_from_all_sources,3,2026-08-25 16:26:35
sz.300445,empty_from_all_sources,3,2026-08-25 16:26:35
sz.300446,empty_from_all_sources,3,2026-08-25 16:26:35
sz.300447,empty_from_all_sources,3,2026-08-25 16:26:35
sz.300448,empty_from_all_sources,3,2026-08-25 16:26:35
sz.300449,empty_from_all_sources,3,2026-08-25 16:26:35
sz.300450,empty_from_all_sources,3,2026-08-25 16:26:35
sz.300451,empty_from_all_sources,3,2026-08-25 16:26:35
sz.300452,empty_from_all_sources,3,2026-08-25 16:26:35
sz.300453,empty_from_all_sources,3,2026-08-25 16:26:35
sz.300455,empty_from_all_sources,3,2026-08-25 16:26:35
sz.300456,empty_from_all_sources,3,2026-08-25 16:26:35
sz.300457,empty_from_all_sources,3,2026-08-25 16:26:35
sz.300458,empty_from_all_sources,3,2026-08-25 16:26:35
sz.300459,empty_from_all_sources,3,2026-08-25 16:26:35
sz.300460,empty_from_all_sources,3,2026-08-25 16:26:35
sz.300461,empty_from_all_sources,3,2026-08-25 16:26:35
sz.300462,empty_from_all_sources,3,2026-08-25 16:26:35
sz.300463,empty_from_all_sources,3,2026-08-25 16:26:35
sz.300464,empty_from_all_sources,3,2026-08-25 16:26:35
sz.300465,empty_from_all_sources,3,2026-08-25 16:26:35
sz.300466,empty_from_all_sources,3,2026-08-25 16:26:35
sz.300467,empty_from_all_sources,3,2026-08-25 16:26:35
sz.300468,empty_from_all_sources,3,2026-08-25 16:26:35
sz.300469,empty_from_all_sources,3,2026-08-25 16:26:35
sz.300470,empty_from_all_sources,3,2026-08-25 16:26:35
sz.300471,empty_from_all_sources,3,2026-08-25 16:26:35
sz.300472,empty_from_all_sources,3,2026-08-25 16:26:35
sz.300473,empty_from_all_sources,3,2026-08-25 16:26:35
sz.300474,empty_from_all_sources,3,2026-08-25 16:26:35
sz.300477,empty_from_all_sources,3,2026-08-25 16:26:35
sz.300478,empty_from_all_sources,3,2026-08-25 16:26:35
sz.300479,empty_from_all_sources,3,2026-08-25 16:26:35
sz.300480,empty_from_all_sources,3,2026-08-25 16:26:35
sz.300481,empty_from_all_sources,3,2026-08-25 16:26:35
sz.300482,empty_from_all_sources,3,2026-08-25 16:26:35
sz.300483,empty_from_all_sources,3,2026-08-25 16:26:35
sz.300484,empty_from_all_sources,3,2026-08-25 16:26:35
sz.300485,empty_from_all_sources,3,2026-08-25 16:26:35
sz.300486,empty_from_all_sources,3,2026-08-25 16:26:35
sz.300487,empty_from_all_sources,3,2026-08-25 16:26:35
sz.300488,empty_from_all_sources,3,2026-08-25 16:26:35
sz.300490,empty_from_all_sources,3,2026-08-25 16:26:35
sz.300491,empty_from_all_sources,3,2026-08-25 16:26:35
sz.300492,empty_from_all_sources,3,2026-08-25 16:26:35
sz.300493,empty_from_all_sources,3,2026-08-25 16:26:35
sz.300494,empty_from_all_sources,3,2026-08-25 16:26:35
sz.300496,empty_from_all_sources,3,2026-08-25 16:26:35
sz.300497,empty_from_all_sources,3,2026-08-25 16:26:35
sz.300498,empty_from_all_sources,3,2026-08-25 16:26:35
sz.300499,empty_from_all_sources,3,2026-08-25 16:26:35
sz.300500,empty_from_all_sources,3,2026-08-25 16:26:35
sz.300501,empty_from_all_sources,3,2026-08-25 16:26:35
sz.300504,empty_from_all_sources,3,2026-08-25 16:26:35
sz.300505,empty_from_all_sources,3,2026-08-25 16:26:35
sz.300506,empty_from_all_sources,3,2026-08-25 16:26:35
sz.300507,empty_from_all_sources,3,2026-08-25 16:26:35
sz.300508,empty_from_all_sources,3,2026-08-25 16:26:35
sz.300509,empty_from_all_sources,3,2026-08-25 16:26:35
sz.300510,empty_from_all_sources,3,2026-08-25 16:26:35
sz.300511,empty_from_all_sources,3,2026-08-25 16:26:35
sz.300512,empty_from_all_sources,3,2026-08-25 16:26:35
sz.300513,empty_from_all_sources,3,2026-08-25 16:26:35
sz.300514,empty_from_all_sources,3,2026-08-25 16:26:35
sz.300515,empty_from_all_sources,3,2026-08-25 16:26:35
sz.300516,empty_from_all_sources,3,2026-08-25 16:26:35
sz.300517,empty_from_all_sources,3,2026-08-25 16:26:35
sz.300518,empty_from_all_sources,3,2026-08-25 16:26:35
sz.300519,empty_from_all_sources,3,2026-08-25 16:26:35
sz.300520,empty_from_all_sources,3,2026-08-25 16:26:35
sz.300521,empty_from_all_sources,3,2026-08-25 16:26:35
sz.300522,empty_from_all_sources,3,2026-08-25 16:26:35
sz.300523,empty_from_all_sources,3,2026-08-25 16:26:35
sz.300525,empty_from_all_sources,3,2026-08-25 16:26:35
sz.300527,empty_from_all_sources,3,2026-08-25 16:26:35
sz.300528,empty_from_all_sources,3,2026-08-25 16:26:36
sz.300529,empty_from_all_sources,3,2026-08-25 16:26:36
sz.300530,empty_from_all_sources,3,2026-08-25 16:26:36
sz.300531,empty_from_all_sources,3,2026-08-25 16:26:36
sz.300532,empty_from_all_sources,3,2026-08-25 16:26:36
sz.300533,empty_from_all_sources,3,2026-08-25 16:26:36
sz.300534,empty_from_all_sources,3,2026-08-25 16:26:36
sz.300535,empty_from_all_sources,3,2026-08-25 16:44:29
sz.300536,empty_from_all_sources,3,2026-08-25 16:44:29
sz.300537,empty_from_all_sources,3,2026-08-25 16:44:29
sz.300538,empty_from_all_sources,3,2026-08-25 16:44:29
sz.300539,empty_from_all_sources,3,2026-08-25 16:44:29
sz.300540,empty_from_all_sources,3,2026-08-25 16:44:29
sz.300541,empty_from_all_sources,3,2026-08-25 16:44:29
sz.300542,empty_from_all_sources,3,2026-08-25 16:44:29
sz.300543,empty_from_all_sources,3,2026-08-25 16:44:29
sz.300545,empty_from_all_sources,3,2026-08-25 16:44:30
sz.300546,empty_from_all_sources,3,2026-08-25 16:44:30
sz.300547,empty_from_all_sources,3,2026-08-25 16:44:30
sz.300549,empty_from_all_sources,3,2026-08-25 16:44:30
sz.300550,empty_from_all_sources,3,2026-08-25 16:44:30
sz.300551,empty_from_all_sources,3,2026-08-25 16:44:30
sz.300552,empty_from_all_sources,3,2026-08-25 16:44:30
sz.300553,empty_from_all_sources,3,2026-08-25 16:44:30
sz.300554,empty_from_all_sources,3,2026-08-25 16:44:30
sz.300555,empty_from_all_sources,3,2026-08-25 16:44:30
sz.300556,empty_from_all_sources,3,2026-08-25 16:44:30
sz.300557,empty_from_all_sources,3,2026-08-25 16:44:30
sz.300558,empty_from_all_sources,3,2026-08-25 16:44:30
sz.300559,empty_from_all_sources,3,2026-08-25 16:44:30
sh.600543,empty_from_all_sources,2,2026-08-26 17:06:51
sh.600545,empty_from_all_sources,2,2026-08-26 17:30:50
sh.600600,empty_from_all_sources,2,2026-08-26 17:33:14
sh.600704,empty_from_all_sources,2,2026-08-26 18:06:08
sh.600711,empty_from_all_sources,2,2026-08-26 18:34:18
sh.600821,empty_from_all_sources,2,2026-08-26 18:35:29
sh.600906,empty_from_all_sources,2,2026-08-26 18:37:13
sh.601615,empty_from_all_sources,2,2026-08-26 19:07:54
sh.601616,empty_from_all_sources,2,2026-08-26 19:07:54
sh.601618,empty_from_all_sources,2,2026-08-26 19:07:55
sh.601619,empty_from_all_sources,2,2026-08-26 19:07:55
sh.601628,empty_from_all_sources,2,2026-08-26 19:07:55
sh.601633,empty_from_all_sources,2,2026-08-26 19:07:55
sh.601636,empty_from_all_sources,2,2026-08-26 19:07:56
sh.601658,empty_from_all_sources,2,2026-08-26 19:07:56
sh.601665,empty_from_all_sources,2,2026-08-26 19:07:56
sh.601666,empty_from_all_sources,2,2026-08-26 19:07:57
sh.601668,empty_from_all_sources,2,2026-08-26 19:07:57
sh.601669,empty_from_all_sources,2,2026-08-26 19:07:57
sh.601677,empty_from_all_sources,2,2026-08-26 19:07:57
sh.601678,empty_from_all_sources,2,2026-08-26 19:07:57
sh.601686,empty_from_all_sources,2,2026-08-26 19:07:58
sh.601688,empty_from_all_sources,2,2026-08-26 19:07:58
sh.601689,empty_from_all_sources,2,2026-08-26 19:07:58
sh.601696,empty_from_all_sources,2,2026-08-26 19:07:58
sh.601698,empty_from_all_sources,2,2026-08-26 19:07:58
sh.601699,empty_from_all_sources,2,2026-08-26 19:07:59
sh.601700,empty_from_all_sources,2,2026-08-26 19:07:59
sh.601702,empty_from_all_sources,2,2026-08-26 19:07:59
sh.601717,empty_from_all_sources,2,2026-08-26 19:07:59
sh.601718,empty_from_all_sources,2,2026-08-26 19:07:59
sh.601727,empty_from_all_sources,2,2026-08-26 19:08:00
sh.601728,empty_from_all_sources,2,2026-08-26 19:08:00
sh.601766,empty_from_all_sources,2,2026-08-26 19:08:00
sh.601777,empty_from_all_sources,2,2026-08-26 19:08:01
sh.601788,empty_from_all_sources,2,2026-08-26 19:08:01
sh.601789,empty_from_all_sources,2,2026-08-26 19:08:02
sh.601798,empty_from_all_sources,2,2026-08-26 19:08:03
sh.601799,empty_from_all_sources,2,2026-08-26 19:08:03
sh.601800,empty_from_all_sources,2,2026-08-26 19:08:03
sh.601801,empty_from_all_sources,2,2026-08-26 19:08:04
sh.601808,empty_from_all_sources,2,2026-08-26 19:08:04
sh.601811,empty_from_all_sources,2,2026-08-26 19:08:04
sh.601816,empty_from_all_sources,2,2026-08-26 19:08:05
sh.601818,empty_from_all_sources,2,2026-08-26 19:08:05
sh.601825,empty_from_all_sources,2,2026-08-26 19:08:06
sh.601827,empty_from_all_sources,2,2026-08-26 19:08:08
sh.601828,empty_from_all_sources,2,2026-08-26 19:08:08
sh.601838,empty_from_all_sources,2,2026-08-26 19:08:08
sh.601857,empty_from_all_sources,2,2026-08-26 19:08:09
sh.601858,empty_from_all_sources,2,2026-08-26 19:08:09
sh.601860,empty_from_all_sources,2,2026-08-26 19:08:09
sh.601865,empty_from_all_sources,2,2026-08-26 19:08:10
sh.601866,empty_from_all_sources,2,2026-08-26 19:08:10
sh.601868,empty_from_all_sources,2,2026-08-26 19:08:11
sh.603281,empty_from_all_sources,2,2026-08-26 19:37:36
sh.603282,empty_from_all_sources,2,2026-08-26 19:37:36
sh.603283,empty_from_all_sources,2,2026-08-26 19:37:36
sh.603284,empty_from_all_sources,2,2026-08-26 19:37:37
sh.603285,empty_from_all_sources,2,2026-08-26 19:37:37
sh.603286,empty_from_all_sources,2,2026-08-26 19:37:37
sh.603288,empty_from_all_sources,2,2026-08-26 19:37:37
sh.603289,empty_from_all_sources,2,2026-08-26 19:37:37
sh.603290,empty_from_all_sources,2,2026-08-26 19:37:37
sh.603291,empty_from_all_sources,2,2026-08-26 19:37:38
sh.603293,empty_from_all_sources,2,2026-08-26 19:37:38
sh.603297,empty_from_all_sources,2,2026-08-26 19:37:38
sh.603298,empty_from_all_sources,2,2026-08-26 19:37:38
sh.603299,empty_from_all_sources,2,2026-08-26 19:37:38
sh.603300,empty_from_all_sources,2,2026-08-26 19:37:38
sh.603301,empty_from_all_sources,2,2026-08-26 19:37:39
sh.603303,empty_from_all_sources,2,2026-08-26 19:37:39
sh.603305,empty_from_all_sources,2,2026-08-26 19:37:39
sh.603306,empty_from_all_sources,2,2026-08-26 19:37:39
sh.603307,empty_from_all_sources,2,2026-08-26 19:37:39
sh.603308,empty_from_all_sources,2,2026-08-26 19:37:40
sh.603309,empty_from_all_sources,2,2026-08-26 19:37:40
sh.603316,empty_from_all_sources,2,2026-08-26 19:40:31
sh.603317,empty_from_all_sources,2,2026-08-26 19:40:31
sh.603318,empty_from_all_sources,2,2026-08-26 19:40:35
sh.603319,empty_from_all_sources,2,2026-08-26 19:40:36
sh.603320,empty_from_all_sources,2,2026-08-26 19:40:36
sh.603321,empty_from_all_sources,2,2026-08-26 19:40:37
sh.603322,empty_from_all_sources,2,2026-08-26 19:40:37
sh.603323,empty_from_all_sources,2,2026-08-26 19:40:38
sh.603324,empty_from_all_sources,2,2026-08-26 19:40:38
sh.603325,empty_from_all_sources,2,2026-08-26 19:40:39
sh.603326,empty_from_all_sources,2,2026-08-26 19:41:07
sh.603327,empty_from_all_sources,2,2026-08-26 19:41:08
sh.603328,empty_from_all_sources,2,2026-08-26 19:41:09
sh.603329,empty_from_all_sources,2,2026-08-26 19:41:09
sh.603330,empty_from_all_sources,2,2026-08-26 19:41:09
sh.603331,empty_from_all_sources,2,2026-08-26 19:41:11
sh.603332,empty_from_all_sources,2,2026-08-26 19:41:11
sh.603333,empty_from_all_sources,2,2026-08-26 19:41:12
sh.603334,empty_from_all_sources,2,2026-08-26 19:41:12
sh.603335,empty_from_all_sources,2,2026-08-26 19:41:12
sh.603336,empty_from_all_sources,2,2026-08-26 19:41:13
sh.603337,empty_from_all_sources,2,2026-08-26 19:41:13
sh.603338,empty_from_all_sources,2,2026-08-26 19:41:13
sh.603339,empty_from_all_sources,2,2026-08-26 19:41:15
sh.603341,empty_from_all_sources,2,2026-08-26 19:41:15
sh.603344,empty_from_all_sources,2,2026-08-26 19:41:15
sh.603345,empty_from_all_sources,2,2026-08-26 19:41:15
sh.603348,empty_from_all_sources,2,2026-08-26 19:41:15
sh.603350,empty_from_all_sources,2,2026-08-26 19:41:16
sh.603351,empty_from_all_sources,2,2026-08-26 19:41:16
sh.603352,empty_from_all_sources,2,2026-08-26 19:41:17
sh.603353,empty_from_all_sources,2,2026-08-26 19:41:18
sh.603355,empty_from_all_sources,2,2026-08-26 19:41:18
sh.603356,empty_from_all_sources,2,2026-08-26 19:41:19
sh.603357,empty_from_all_sources,2,2026-08-26 19:41:19
sh.603358,empty_from_all_sources,2,2026-08-26 19:41:19
sh.603359,empty_from_all_sources,2,2026-08-26 19:41:20
sh.603360,empty_from_all_sources,2,2026-08-26 19:41:21
sh.603363,empty_from_all_sources,2,2026-08-26 19:41:22
sh.603365,empty_from_all_sources,2,2026-08-26 19:41:24
sh.603366,empty_from_all_sources,2,2026-08-26 19:41:24
sh.603367,empty_from_all_sources,2,2026-08-26 19:41:25
sh.603368,empty_from_all_sources,2,2026-08-26 20:15:48
sh.603369,empty_from_all_sources,2,2026-08-26 20:15:58
sh.603638,empty_from_all_sources,2,2026-08-26 20:31:43
sh.603639,empty_from_all_sources,2,2026-08-26 20:31:44
sh.603648,empty_from_all_sources,2,2026-08-26 20:31:44
sh.603650,empty_from_all_sources,2,2026-08-26 20:31:44
sh.603655,empty_from_all_sources,2,2026-08-26 20:31:44
sh.603656,empty_from_all_sources,2,2026-08-26 20:31:44
sh.603657,empty_from_all_sources,2,2026-08-26 20:31:44
sh.603658,empty_from_all_sources,2,2026-08-26 20:31:44
sh.603659,empty_from_all_sources,2,2026-08-26 20:31:45
sh.603660,empty_from_all_sources,2,2026-08-26 20:31:45
sh.603661,empty_from_all_sources,2,2026-08-26 20:31:45
sh.603662,empty_from_all_sources,2,2026-08-26 20:31:45
sh.603663,empty_from_all_sources,2,2026-08-26 20:31:45
sh.603665,empty_from_all_sources,2,2026-08-26 20:31:45
sh.603666,empty_from_all_sources,2,2026-08-26 20:31:46
sh.603667,empty_from_all_sources,2,2026-08-26 20:31:46
sh.603668,empty_from_all_sources,2,2026-08-26 20:31:46
sh.603669,empty_from_all_sources,2,2026-08-26 20:31:46
sh.603676,empty_from_all_sources,2,2026-08-26 20:32:00
sh.603677,empty_from_all_sources,2,2026-08-26 20:32:01
sh.603679,empty_from_all_sources,2,2026-08-26 20:32:01
sh.603680,empty_from_all_sources,2,2026-08-26 20:32:02
sh.603681,empty_from_all_sources,2,2026-08-26 20:32:02
sh.603682,empty_from_all_sources,2,2026-08-26 20:32:02
sh.603683,empty_from_all_sources,2,2026-08-26 20:32:02
sh.603685,empty_from_all_sources,2,2026-08-26 20:32:02
sh.603686,empty_from_all_sources,2,2026-08-26 20:32:03
sh.603687,empty_from_all_sources,2,2026-08-26 20:32:03
sh.603688,empty_from_all_sources,2,2026-08-26 20:32:03
sh.603689,empty_from_all_sources,2,2026-08-26 20:32:03
sh.603690,empty_from_all_sources,2,2026-08-26 20:32:04
sh.603693,empty_from_all_sources,2,2026-08-26 20:32:04
sh.603696,empty_from_all_sources,2,2026-08-26 20:32:04
sh.603697,empty_from_all_sources,2,2026-08-26 20:32:06
sh.603698,empty_from_all_sources,2,2026-08-26 20:32:06
sh.603699,empty_from_all_sources,2,2026-08-26 20:32:07
sh.603700,empty_from_all_sources,2,2026-08-26 20:32:07
sh.603701,empty_from_all_sources,2,2026-08-26 20:32:07
sh.603703,empty_from_all_sources,2,2026-08-26 20:32:07
sh.603706,empty_from_all_sources,2,2026-08-26 20:32:07
sh.603707,empty_from_all_sources,2,2026-08-26 20:32:08
sh.603708,empty_from_all_sources,2,2026-08-26 20:32:08
sh.603709,empty_from_all_sources,2,2026-08-26 20:32:08
sh.603711,empty_from_all_sources,2,2026-08-26 20:32:08
sh.603712,empty_from_all_sources,2,2026-08-26 20:32:09
sh.603713,empty_from_all_sources,2,2026-08-26 20:32:09
sh.603716,empty_from_all_sources,2,2026-08-26 20:32:09
sh.603717,empty_from_all_sources,2,2026-08-26 20:32:09
sh.603718,empty_from_all_sources,2,2026-08-26 20:32:09
sh.603719,empty_from_all_sources,2,2026-08-26 20:32:10
sh.603721,empty_from_all_sources,2,2026-08-26 20:32:10
sh.603722,empty_from_all_sources,2,2026-08-26 20:32:10
sh.603725,empty_from_all_sources,2,2026-08-26 20:32:10
sh.603726,empty_from_all_sources,2,2026-08-26 20:32:11
sh.603727,empty_from_all_sources,2,2026-08-26 20:32:11
sh.603728,empty_from_all_sources,2,2026-08-26 20:32:11
sh.603729,empty_from_all_sources,2,2026-08-26 20:32:11
sh.603730,empty_from_all_sources,2,2026-08-26 20:32:11
sh.603733,empty_from_all_sources,2,2026-08-26 20:32:12
sh.603737,empty_from_all_sources,2,2026-08-26 20:32:12
sh.603738,empty_from_all_sources,2,2026-08-26 20:32:12
sh.603739,empty_from_all_sources,2,2026-08-26 20:32:12
sh.603755,empty_from_all_sources,2,2026-08-26 20:36:14
sh.603757,empty_from_all_sources,2,2026-08-26 20:36:15
sh.603758,empty_from_all_sources,2,2026-08-26 20:36:15
sh.603759,empty_from_all_sources,2,2026-08-26 20:36:15
sh.603766,empty_from_all_sources,2,2026-08-26 20:36:15
sh.603767,empty_from_all_sources,2,2026-08-26 20:36:16
sh.603768,empty_from_all_sources,2,2026-08-26 20:36:16
sh.603773,empty_from_all_sources,2,2026-08-26 20:36:16
sh.603776,empty_from_all_sources,2,2026-08-26 20:36:16
sh.603777,empty_from_all_sources,2,2026-08-26 20:36:16
sh.603778,empty_from_all_sources,2,2026-08-26 20:36:17
sh.603779,empty_from_all_sources,2,2026-08-26 20:36:17
sh.603786,empty_from_all_sources,2,2026-08-26 20:36:17
sh.603787,empty_from_all_sources,2,2026-08-26 20:36:17
sh.603788,empty_from_all_sources,2,2026-08-26 20:36:17
sh.603789,empty_from_all_sources,2,2026-08-26 20:36:17
sh.603790,empty_from_all_sources,2,2026-08-26 20:36:18
sh.603797,empty_from_all_sources,2,2026-08-26 20:36:18
sh.603798,empty_from_all_sources,2,2026-08-26 20:36:18
sh.603799,empty_from_all_sources,2,2026-08-26 20:36:18
sh.603800,empty_from_all_sources,2,2026-08-26 20:36:18
sh.603801,empty_from_all_sources,2,2026-08-26 20:36:18
sh.603803,empty_from_all_sources,2,2026-08-26 20:36:19
sh.603806,empty_from_all_sources,2,2026-08-26 20:36:19
sh.603808,empty_from_all_sources,2,2026-08-26 20:36:19
sh.603809,empty_from_all_sources,2,2026-08-26 20:36:19
sh.603810,empty_from_all_sources,2,2026-08-26 20:36:19
sh.603811,empty_from_all_sources,2,2026-08-26 20:36:19
sh.603813,empty_from_all_sources,2,2026-08-26 20:36:19
sh.603815,empty_from_all_sources,2,2026-08-26 20:36:19
sh.603816,empty_from_all_sources,2,2026-08-26 20:36:20
sh.603817,empty_from_all_sources,2,2026-08-26 20:36:20
sh.603818,empty_from_all_sources,2,2026-08-26 20:36:20
sh.603819,empty_from_all_sources,2,2026-08-26 20:36:20
sh.603822,empty_from_all_sources,2,2026-08-26 20:36:20
sh.603823,empty_from_all_sources,2,2026-08-26 20:36:20
sh.603825,empty_from_all_sources,2,2026-08-26 20:36:21
sh.603826,empty_from_all_sources,2,2026-08-26 20:36:21
sh.603828,empty_from_all_sources,2,2026-08-26 20:36:21
sh.603829,empty_from_all_sources,2,2026-08-26 20:36:21
sh.603833,empty_from_all_sources,2,2026-08-26 20:36:21
sh.603836,empty_from_all_sources,2,2026-08-26 20:36:21
sh.603838,empty_from_all_sources,2,2026-08-26 20:36:21
sh.603839,empty_from_all_sources,2,2026-08-26 20:36:21
sh.603843,empty_from_all_sources,2,2026-08-26 20:36:22
sh.603848,empty_from_all_sources,2,2026-08-26 20:36:22
sh.603855,empty_from_all_sources,2,2026-08-26 20:36:22
sh.603856,empty_from_all_sources,2,2026-08-26 20:36:22
sh.603858,empty_from_all_sources,2,2026-08-26 20:36:22
sh.603859,empty_from_all_sources,2,2026-08-26 20:36:22
sh.603860,empty_from_all_sources,2,2026-08-26 20:36:22
sh.603861,empty_from_all_sources,2,2026-08-26 20:36:23
sh.603863,empty_from_all_sources,2,2026-08-26 20:36:23
sh.603866,empty_from_all_sources,2,2026-08-26 20:36:23
sh.603867,empty_from_all_sources,2,2026-08-26 20:36:23
sh.603868,empty_from_all_sources,2,2026-08-26 20:36:23
sh.603869,empty_from_all_sources,2,2026-08-26 20:36:24
sh.603871,empty_from_all_sources,2,2026-08-26 20:36:24
sh.603876,empty_from_all_sources,2,2026-08-26 20:36:24
sh.603877,empty_from_all_sources,2,2026-08-26 20:36:24
sh.603878,empty_from_all_sources,2,2026-08-26 20:36:24
sh.603879,empty_from_all_sources,2,2026-08-26 20:36:24
sh.603880,empty_from_all_sources,2,2026-08-26 20:36:24
sh.603881,empty_from_all_sources,2,2026-08-26 20:36:25
sh.603882,empty_from_all_sources,2,2026-08-26 20:36:25
sh.603883,empty_from_all_sources,2,2026-08-26 20:36:25
sh.603885,empty_from_all_sources,2,2026-08-26 20:36:25
sh.603886,empty_from_all_sources,2,2026-08-26 20:36:25
sh.603887,empty_from_all_sources,2,2026-08-26 20:36:25
sh.603888,empty_from_all_sources,2,2026-08-26 20:36:26
sh.603889,empty_from_all_sources,2,2026-08-26 20:36:26
sh.603890,empty_from_all_sources,2,2026-08-26 20:36:26
sh.603893,empty_from_all_sources,2,2026-08-26 20:36:26
sh.603895,empty_from_all_sources,2,2026-08-26 20:36:26
sh.603896,empty_from_all_sources,2,2026-08-26 20:36:26
sh.603897,empty_from_all_sources,2,2026-08-26 20:36:26
sh.603898,empty_from_all_sources,2,2026-08-26 20:36:27
sh.603899,empty_from_all_sources,2,2026-08-26 20:36:27
sh.603900,empty_from_all_sources,2,2026-08-26 20:36:27
sh.603901,empty_from_all_sources,2,2026-08-26 20:36:27
sh.603903,empty_from_all_sources,2,2026-08-26 20:53:55
sh.603906,empty_from_all_sources,2,2026-08-26 20:54:06
sh.688028,empty_from_all_sources,2,2026-08-26 21:27:40
sh.688200,empty_from_all_sources,2,2026-08-25 16:26:15
sh.688205,empty_from_all_sources,2,2026-08-25 16:26:15
sh.688233,empty_from_all_sources,2,2026-08-25 16:26:15
sh.688234,empty_from_all_sources,2,2026-08-25 16:26:15
sh.688235,empty_from_all_sources,2,2026-08-25 16:26:15
sh.688249,empty_from_all_sources,2,2026-08-25 16:26:15
sh.688256,empty_from_all_sources,2,2026-08-25 16:26:15
sh.688268,empty_from_all_sources,2,2026-08-25 16:26:15
sh.688313,empty_from_all_sources,2,2026-08-25 16:26:16
sh.688322,empty_from_all_sources,2,2026-08-25 16:26:16
sh.688347,empty_from_all_sources,2,2026-08-25 16:26:16
sh.688361,empty_from_all_sources,2,2026-08-25 16:26:16
sh.688362,empty_from_all_sources,2,2026-08-25 16:26:16
sh.688396,empty_from_all_sources,2,2026-08-25 16:26:16
sh.688403,empty_from_all_sources,2,2026-08-25 16:26:16
sh.688409,empty_from_all_sources,2,2026-08-25 16:26:16
sh.688432,empty_from_all_sources,2,2026-08-25 16:26:16
sh.688498,empty_from_all_sources,2,2026-08-25 16:26:16
sh.688503,empty_from_all_sources,2,2026-08-25 16:26:16
sh.688507,empty_from_all_sources,2,2026-08-25 16:26:16
sh.688515,empty_from_all_sources,2,2026-08-25 16:26:16
sh.688521,empty_from_all_sources,2,2026-08-25 16:26:17
sh.688525,empty_from_all_sources,2,2026-08-25 16:26:17
sh.688535,empty_from_all_sources,2,2026-08-25 16:26:17
sh.688545,empty_from_all_sources,2,2026-08-25 16:26:17
sh.688548,empty_from_all_sources,2,2026-08-25 16:26:17
sh.688549,empty_from_all_sources,2,2026-08-25 16:26:17
sh.688584,empty_from_all_sources,2,2026-08-25 16:26:17
sh.688596,empty_from_all_sources,2,2026-08-25 16:26:17
sh.688627,empty_from_all_sources,2,2026-08-25 16:26:17
sh.688629,empty_from_all_sources,2,2026-08-25 16:26:17
sh.688630,empty_from_all_sources,2,2026-08-25 16:26:17
sh.688652,empty_from_all_sources,2,2026-08-25 16:26:17
sh.688668,empty_from_all_sources,2,2026-08-25 16:26:17
sh.688702,empty_from_all_sources,2,2026-08-25 16:26:17
sz.000016,empty_from_all_sources,2,2026-08-25 16:26:17
sz.000543,empty_from_all_sources,2,2026-08-25 16:26:18
sz.000544,empty_from_all_sources,2,2026-08-25 16:26:18
sz.000558,empty_from_all_sources,2,2026-08-25 16:26:18
sz.000559,empty_from_all_sources,2,2026-08-25 16:26:18
sz.000911,empty_from_all_sources,2,2026-08-25 16:26:20
sz.000912,empty_from_all_sources,2,2026-08-25 16:26:20
sz.000913,empty_from_all_sources,2,2026-08-25 16:26:20
sz.000915,empty_from_all_sources,2,2026-08-25 16:26:20
sz.000917,empty_from_all_sources,2,2026-08-25 16:26:20
sz.000919,empty_from_all_sources,2,2026-08-25 16:26:20
sz.000920,empty_from_all_sources,2,2026-08-25 16:26:20
sz.000921,empty_from_all_sources,2,2026-08-25 16:26:20
sz.000922,empty_from_all_sources,2,2026-08-25 16:26:20
sz.000923,empty_from_all_sources,2,2026-08-25 16:26:20
sz.000925,empty_from_all_sources,2,2026-08-25 16:26:20
sz.000926,empty_from_all_sources,2,2026-08-25 16:26:20
sz.000927,empty_from_all_sources,2,2026-08-25 16:26:20
sz.000928,empty_from_all_sources,2,2026-08-25 16:26:20
sz.000929,empty_from_all_sources,2,2026-08-25 16:26:20
sz.000930,empty_from_all_sources,2,2026-08-25 16:26:20
sz.000931,empty_from_all_sources,2,2026-08-25 16:26:20
sz.000932,empty_from_all_sources,2,2026-08-25 16:26:20
sz.000933,empty_from_all_sources,2,2026-08-25 16:26:20
sz.000935,empty_from_all_sources,2,2026-08-25 16:26:20
sz.000936,empty_from_all_sources,2,2026-08-25 16:26:20
sz.000937,empty_from_all_sources,2,2026-08-25 16:26:20
sz.000948,empty_from_all_sources,2,2026-08-25 16:26:20
sz.000949,empty_from_all_sources,2,2026-08-25 16:26:20
sz.000950,empty_from_all_sources,2,2026-08-25 16:26:20
sz.000951,empty_from_all_sources,2,2026-08-25 16:26:20
sz.000952,empty_from_all_sources,2,2026-08-25 16:26:20
sz.000953,empty_from_all_sources,2,2026-08-25 16:26:20
sz.000955,empty_from_all_sources,2,2026-08-25 16:26:20
sz.000957,empty_from_all_sources,2,2026-08-25 16:26:20
sz.000958,empty_from_all_sources,2,2026-08-25 16:26:20
sz.000959,empty_from_all_sources,2,2026-08-25 16:26:20
sz.000960,empty_from_all_sources,2,2026-08-25 16:26:20
sz.000963,empty_from_all_sources,2,2026-08-25 16:26:20
sz.000965,empty_from_all_sources,2,2026-08-25 16:26:20
sz.000966,empty_from_all_sources,2,2026-08-25 16:26:20
sz.000967,empty_from_all_sources,2,2026-08-25 16:26:20
sz.000968,empty_from_all_sources,2,2026-08-25 16:26:20
sz.000969,empty_from_all_sources,2,2026-08-25 16:26:20
sz.000970,empty_from_all_sources,2,2026-08-25 16:26:20
sz.000972,empty_from_all_sources,2,2026-08-25 16:26:20
sz.000973,empty_from_all_sources,2,2026-08-25 16:26:20
sz.000975,empty_from_all_sources,2,2026-08-25 16:26:20
sz.000978,empty_from_all_sources,2,2026-08-25 16:26:20
sz.000980,empty_from_all_sources,2,2026-08-25 16:26:20
sz.000981,empty_from_all_sources,2,2026-08-25 16:26:20
sz.000983,empty_from_all_sources,2,2026-08-25 16:26:20
sz.000985,empty_from_all_sources,2,2026-08-25 16:26:20
sz.000987,empty_from_all_sources,2,2026-08-25 16:26:20
sz.000989,empty_from_all_sources,2,2026-08-25 16:26:20
sz.000990,empty_from_all_sources,2,2026-08-25 16:26:20
sz.000993,empty_from_all_sources,2,2026-08-25 16:26:20
sz.000995,empty_from_all_sources,2,2026-08-25 16:26:20
sz.000997,empty_from_all_sources,2,2026-08-25 16:26:20
sz.000998,empty_from_all_sources,2,2026-08-25 16:26:20
sz.000999,empty_from_all_sources,2,2026-08-25 16:26:20
sz.001201,empty_from_all_sources,2,2026-08-25 16:26:20
sz.001202,empty_from_all_sources,2,2026-08-25 16:26:20
sz.001203,empty_from_all_sources,2,2026-08-25 16:26:20
sz.001205,empty_from_all_sources,2,2026-08-25 16:26:20
sz.001206,empty_from_all_sources,2,2026-08-25 16:26:20
sz.001207,empty_from_all_sources,2,2026-08-25 16:26:20
sz.001208,empty_from_all_sources,2,2026-08-25 16:26:20
sz.001209,empty_from_all_sources,2,2026-08-25 16:26:20
sz.001210,empty_from_all_sources,2,2026-08-25 16:26:20
sz.001211,empty_from_all_sources,2,2026-08-25 16:26:20
sz.001212,empty_from_all_sources,2,2026-08-25 16:26:20
sz.001213,empty_from_all_sources,2,2026-08-25 16:26:20
sz.001215,empty_from_all_sources,2,2026-08-25 16:26:20
sz.001216,empty_from_all_sources,2,2026-08-25 16:26:20
sz.001217,empty_from_all_sources,2,2026-08-25 16:26:20
sz.001218,empty_from_all_sources,2,2026-08-25 16:26:20
sz.001219,empty_from_all_sources,2,2026-08-25 16:26:20
sz.001220,empty_from_all_sources,2,2026-08-25 16:26:21
sz.001221,empty_from_all_sources,2,2026-08-25 16:26:21
sz.001222,empty_from_all_sources,2,2026-08-25 16:26:21
sz.001223,empty_from_all_sources,2,2026-08-25 16:26:21
sz.001225,empty_from_all_sources,2,2026-08-25 16:26:21
sz.001226,empty_from_all_sources,2,2026-08-25 16:26:21
sz.001227,empty_from_all_sources,2,2026-08-25 16:26:21
sz.001228,empty_from_all_sources,2,2026-08-25 16:26:21
sz.001229,empty_from_all_sources,2,2026-08-25 16:26:21
sz.001230,empty_from_all_sources,2,2026-08-25 16:26:21
sz.001231,empty_from_all_sources,2,2026-08-25 16:26:21
sz.001233,empty_from_all_sources,2,2026-08-25 16:26:21
sz.001234,empty_from_all_sources,2,2026-08-25 16:26:21
sz.001236,empty_from_all_sources,2,2026-08-25 16:26:21
sz.001237,empty_from_all_sources,2,2026-08-25 16:26:21
sz.001238,empty_from_all_sources,2,2026-08-25 16:26:21
sz.001239,empty_from_all_sources,2,2026-08-25 16:26:21
sz.001255,empty_from_all_sources,2,2026-08-25 16:26:21
sz.001256,empty_from_all_sources,2,2026-08-25 16:26:21
sz.001257,empty_from_all_sources,2,2026-08-25 16:26:21
sz.001259,empty_from_all_sources,2,2026-08-25 16:26:21
sz.001260,empty_from_all_sources,2,2026-08-25 16:26:21
sz.001266,empty_from_all_sources,2,2026-08-25 16:26:21
sz.001267,empty_from_all_sources,2,2026-08-25 16:26:21
sz.001268,empty_from_all_sources,2,2026-08-25 16:26:21
sz.001269,empty_from_all_sources,2,2026-08-25 16:26:21
sz.001270,empty_from_all_sources,2,2026-08-25 16:26:21
sz.001277,empty_from_all_sources,2,2026-08-25 16:26:21
sz.001278,empty_from_all_sources,2,2026-08-25 16:26:21
sz.001279,empty_from_all_sources,2,2026-08-25 16:26:21
sz.001280,empty_from_all_sources,2,2026-08-25 16:26:21
sz.001282,empty_from_all_sources,2,2026-08-25 16:26:21
sz.001283,empty_from_all_sources,2,2026-08-25 16:26:21
sz.001285,empty_from_all_sources,2,2026-08-25 16:26:21
sz.001286,empty_from_all_sources,2,2026-08-25 16:26:21
sz.001287,empty_from_all_sources,2,2026-08-25 16:26:21
sz.001288,empty_from_all_sources,2,2026-08-25 16:26:21
sz.001289,empty_from_all_sources,2,2026-08-25 16:26:21
sz.001296,empty_from_all_sources,2,2026-08-25 16:26:21
sz.001298,empty_from_all_sources,2,2026-08-25 16:26:21
sz.001299,empty_from_all_sources,2,2026-08-25 16:26:21
sz.001300,empty_from_all_sources,2,2026-08-25 16:26:21
sz.001301,empty_from_all_sources,2,2026-08-25 16:26:21
sz.001306,empty_from_all_sources,2,2026-08-25 16:26:21
sz.001308,empty_from_all_sources,2,2026-08-25 16:26:21
sz.001311,empty_from_all_sources,2,2026-08-25 16:26:21
sz.001312,empty_from_all_sources,2,2026-08-25 16:26:21
sz.001313,empty_from_all_sources,2,2026-08-25 16:26:21
sz.001314,empty_from_all_sources,2,2026-08-25 16:26:21
sz.001316,empty_from_all_sources,2,2026-08-25 16:26:21
sz.001317,empty_from_all_sources,2,2026-08-25 16:26:21
sz.001318,empty_from_all_sources,2,2026-08-25 16:26:21
sz.001319,empty_from_all_sources,2,2026-08-25 16:26:21
sz.001322,empty_from_all_sources,2,2026-08-25 16:26:21
sz.001323,empty_from_all_sources,2,2026-08-25 16:26:21
sz.001324,empty_from_all_sources,2,2026-08-25 16:26:21
sz.001325,empty_from_all_sources,2,2026-08-25 16:26:21
sz.001326,empty_from_all_sources,2,2026-08-25 16:26:21
sz.001328,empty_from_all_sources,2,2026-08-25 16:26:21
sz.001330,empty_from_all_sources,2,2026-08-25 16:26:21
sz.001331,empty_from_all_sources,2,2026-08-25 16:26:21
sz.001332,empty_from_all_sources,2,2026-08-25 16:26:21
sz.001333,empty_from_all_sources,2,2026-08-25 16:26:21
sz.001335,empty_from_all_sources,2,2026-08-25 16:26:21
sz.001336,empty_from_all_sources,2,2026-08-25 16:26:21
sz.001337,empty_from_all_sources,2,2026-08-25 16:26:21
sz.001338,empty_from_all_sources,2,2026-08-25 16:26:21
sz.001339,empty_from_all_sources,2,2026-08-25 16:26:21
sz.001356,empty_from_all_sources,2,2026-08-25 16:26:21
sz.001358,empty_from_all_sources,2,2026-08-25 16:26:21
sz.001359,empty_from_all_sources,2,2026-08-25 16:26:21
sz.001360,empty_from_all_sources,2,2026-08-25 16:26:21
sz.001365,empty_from_all_sources,2,2026-08-25 16:26:21
sz.001366,empty_from_all_sources,2,2026-08-25 16:26:21
sz.001367,empty_from_all_sources,2,2026-08-25 16:26:21
sz.001368,empty_from_all_sources,2,2026-08-25 16:26:21
sz.001369,empty_from_all_sources,2,2026-08-25 16:26:21
sz.001373,empty_from_all_sources,2,2026-08-25 16:26:21
sz.001376,empty_from_all_sources,2,2026-08-25 16:26:21
sz.001378,empty_from_all_sources,2,2026-08-25 16:26:21
sz.001379,empty_from_all_sources,2,2026-08-25 16:26:21
sz.001380,empty_from_all_sources,2,2026-08-25 16:26:21
sz.001382,empty_from_all_sources,2,2026-08-25 16:26:21
sz.001386,empty_from_all_sources,2,2026-08-25 16:26:21
sz.001387,empty_from_all_sources,2,2026-08-25 16:26:21
sz.001388,empty_from_all_sources,2,2026-08-25 16:26:21
sz.001390,empty_from_all_sources,2,2026-08-25 16:26:21
sz.001391,empty_from_all_sources,2,2026-08-25 16:26:21
sz.001393,empty_from_all_sources,2,2026-08-25 16:26:21
sz.001395,empty_from_all_sources,2,2026-08-25 16:26:21
sz.001396,empty_from_all_sources,2,2026-08-25 16:26:21
sz.001400,empty_from_all_sources,2,2026-08-25 16:26:21
sz.001696,empty_from_all_sources,2,2026-08-25 16:26:21
sz.001872,empty_from_all_sources,2,2026-08-25 16:26:21
sz.001914,empty_from_all_sources,2,2026-08-25 16:26:21
sz.001965,empty_from_all_sources,2,2026-08-25 16:26:21
sz.001979,empty_from_all_sources,2,2026-08-25 16:26:21
sz.002001,empty_from_all_sources,2,2026-08-25 16:26:21
sz.002003,empty_from_all_sources,2,2026-08-25 16:26:21
sz.002004,empty_from_all_sources,2,2026-08-25 16:26:21
sz.002005,empty_from_all_sources,2,2026-08-25 16:26:21
sz.002006,empty_from_all_sources,2,2026-08-25 16:26:21
sz.002007,empty_from_all_sources,2,2026-08-25 16:26:21
sz.002009,empty_from_all_sources,2,2026-08-25 16:26:21
sz.002010,empty_from_all_sources,2,2026-08-25 16:26:21
sz.002011,empty_from_all_sources,2,2026-08-25 16:26:21
sz.002012,empty_from_all_sources,2,2026-08-25 16:26:21
sz.002014,empty_from_all_sources,2,2026-08-25 16:26:21
sz.002016,empty_from_all_sources,2,2026-08-25 16:26:21
sz.002017,empty_from_all_sources,2,2026-08-25 16:26:21
sz.002019,empty_from_all_sources,2,2026-08-25 16:26:21
sz.002020,empty_from_all_sources,2,2026-08-25 16:26:21
sz.002021,empty_from_all_sources,2,2026-08-25 16:26:21
sz.002022,empty_from_all_sources,2,2026-08-25 16:26:21
sz.002023,empty_from_all_sources,2,2026-08-25 16:26:21
sz.002024,empty_from_all_sources,2,2026-08-25 16:26:21
sz.002025,empty_from_all_sources,2,2026-08-25 16:26:21
sz.002026,empty_from_all_sources,2,2026-08-25 16:26:21
sz.002027,empty_from_all_sources,2,2026-08-25 16:26:21
sz.002028,empty_from_all_sources,2,2026-08-25 16:26:21
sz.002029,empty_from_all_sources,2,2026-08-25 16:26:21
sz.002030,empty_from_all_sources,2,2026-08-25 16:26:21
sz.002031,empty_from_all_sources,2,2026-08-25 16:26:22
sz.002032,empty_from_all_sources,2,2026-08-25 16:26:22
sz.002033,empty_from_all_sources,2,2026-08-25 16:26:22
sz.002034,empty_from_all_sources,2,2026-08-25 16:26:22
sz.002036,empty_from_all_sources,2,2026-08-25 16:26:22
sz.002037,empty_from_all_sources,2,2026-08-25 16:26:22
sz.002038,empty_from_all_sources,2,2026-08-25 16:26:22
sz.002039,empty_from_all_sources,2,2026-08-25 16:26:22
sz.002040,empty_from_all_sources,2,2026-08-25 16:26:22
sz.002041,empty_from_all_sources,2,2026-08-25 16:26:22
sz.002042,empty_from_all_sources,2,2026-08-25 16:26:22
sz.002043,empty_from_all_sources,2,2026-08-25 16:26:22
sz.002044,empty_from_all_sources,2,2026-08-25 16:26:22
sz.002045,empty_from_all_sources,2,2026-08-25 16:26:22
sz.002047,empty_from_all_sources,2,2026-08-25 16:26:22
sz.002048,empty_from_all_sources,2,2026-08-25 16:26:22
sz.002049,empty_from_all_sources,2,2026-08-25 16:26:22
sz.002050,empty_from_all_sources,2,2026-08-25 16:26:22
sz.002051,empty_from_all_sources,2,2026-08-25 16:26:22
sz.002052,empty_from_all_sources,2,2026-08-25 16:26:22
sz.002053,empty_from_all_sources,2,2026-08-25 16:26:22
sz.002054,empty_from_all_sources,2,2026-08-25 16:26:22
sz.002055,empty_from_all_sources,2,2026-08-25 16:26:22
sz.002057,empty_from_all_sources,2,2026-08-25 16:26:22
sz.002058,empty_from_all_sources,2,2026-08-25 16:26:22
sz.002059,empty_from_all_sources,2,2026-08-25 16:26:22
sz.002060,empty_from_all_sources,2,2026-08-25 16:26:22
sz.002061,empty_from_all_sources,2,2026-08-25 16:26:22
sz.002062,empty_from_all_sources,2,2026-08-25 16:26:22
sz.002063,empty_from_all_sources,2,2026-08-25 16:26:22
sz.002064,empty_from_all_sources,2,2026-08-25 16:26:22
sz.002065,empty_from_all_sources,2,2026-08-25 16:26:22
sz.002066,empty_from_all_sources,2,2026-08-25 16:26:22
sz.002067,empty_from_all_sources,2,2026-08-25 16:26:22
sz.002068,empty_from_all_sources,2,2026-08-25 16:26:22
sz.002069,empty_from_all_sources,2,2026-08-25 16:26:22
sz.002072,empty_from_all_sources,2,2026-08-25 16:26:22
sz.002074,empty_from_all_sources,2,2026-08-25 16:26:22
sz.002075,empty_from_all_sources,2,2026-08-25 16:26:22
sz.002076,empty_from_all_sources,2,2026-08-25 16:26:22
sz.002077,empty_from_all_sources,2,2026-08-25 16:26:22
sz.002078,empty_from_all_sources,2,2026-08-25 16:26:22
sz.002079,empty_from_all_sources,2,2026-08-25 16:26:22
sz.002081,empty_from_all_sources,2,2026-08-25 16:26:22
sz.002082,empty_from_all_sources,2,2026-08-25 16:26:22
sz.002083,empty_from_all_sources,2,2026-08-25 16:26:22
sz.002085,empty_from_all_sources,2,2026-08-25 16:26:22
sz.002086,empty_from_all_sources,2,2026-08-25 16:26:22
sz.002088,empty_from_all_sources,2,2026-08-25 16:26:22
sz.002090,empty_from_all_sources,2,2026-08-25 16:26:22
sz.002091,empty_from_all_sources,2,2026-08-25 16:26:22
sz.002092,empty_from_all_sources,2,2026-08-25 16:26:22
sz.002093,empty_from_all_sources,2,2026-08-25 16:26:22
sz.002094,empty_from_all_sources,2,2026-08-25 16:26:22
sz.002095,empty_from_all_sources,2,2026-08-25 16:26:22
sz.002096,empty_from_all_sources,2,2026-08-25 16:26:22
sz.002097,empty_from_all_sources,2,2026-08-25 16:26:22
sz.002098,empty_from_all_sources,2,2026-08-25 16:26:22
sz.002099,empty_from_all_sources,2,2026-08-25 16:26:22
sz.002100,empty_from_all_sources,2,2026-08-25 16:26:22
sz.002101,empty_from_all_sources,2,2026-08-25 16:26:22
sz.002102,empty_from_all_sources,2,2026-08-25 16:26:22
sz.002103,empty_from_all_sources,2,2026-08-25 16:26:22
sz.002104,empty_from_all_sources,2,2026-08-25 16:26:22
sz.002105,empty_from_all_sources,2,2026-08-25 16:26:22
sz.002106,empty_from_all_sources,2,2026-08-25 16:26:22
sz.002107,empty_from_all_sources,2,2026-08-25 16:26:22
sz.002108,empty_from_all_sources,2,2026-08-25 16:26:22
sz.002109,empty_from_all_sources,2,2026-08-25 16:26:22
sz.002110,empty_from_all_sources,2,2026-08-25 16:26:22
sz.002111,empty_from_all_sources,2,2026-08-25 16:26:22
sz.002112,empty_from_all_sources,2,2026-08-25 16:26:22
sz.002114,empty_from_all_sources,2,2026-08-25 16:26:22
sz.002115,empty_from_all_sources,2,2026-08-25 16:26:22
sz.002116,empty_from_all_sources,2,2026-08-25 16:26:22
sz.002117,empty_from_all_sources,2,2026-08-25 16:26:22
sz.002120,empty_from_all_sources,2,2026-08-25 16:26:22
sz.002121,empty_from_all_sources,2,2026-08-25 16:26:22
sz.002122,empty_from_all_sources,2,2026-08-25 16:26:22
sz.002123,empty_from_all_sources,2,2026-08-25 16:26:22
sz.002124,empty_from_all_sources,2,2026-08-25 16:26:22
sz.002125,empty_from_all_sources,2,2026-08-25 16:26:22
sz.002126,empty_from_all_sources,2,2026-08-25 16:26:22
sz.002127,empty_from_all_sources,2,2026-08-25 16:26:22
sz.002128,empty_from_all_sources,2,2026-08-25 16:26:22
sz.002129,empty_from_all_sources,2,2026-08-25 16:26:22
sz.002130,empty_from_all_sources,2,2026-08-25 16:26:22
sz.002131,empty_from_all_sources,2,2026-08-25 16:26:22
sz.002132,empty_from_all_sources,2,2026-08-25 16:26:22
sz.002133,empty_from_all_sources,2,2026-08-25 16:26:22
sz.002134,empty_from_all_sources,2,2026-08-25 16:26:22
sz.002135,empty_from_all_sources,2,2026-08-25 16:26:22
sz.002136,empty_from_all_sources,2,2026-08-25 16:26:22
sz.002137,empty_from_all_sources,2,2026-08-25 16:26:22
sz.002139,empty_from_all_sources,2,2026-08-25 16:26:22
sz.002140,empty_from_all_sources,2,2026-08-25 16:26:22
sz.002142,empty_from_all_sources,2,2026-08-25 16:26:22
sz.002144,empty_from_all_sources,2,2026-08-25 16:26:22
sz.002145,empty_from_all_sources,2,2026-08-25 16:26:22
sz.002146,empty_from_all_sources,2,2026-08-25 16:26:22
sz.002148,empty_from_all_sources,2,2026-08-25 16:26:22
sz.002150,empty_from_all_sources,2,2026-08-25 16:26:22
sz.002151,empty_from_all_sources,2,2026-08-25 16:26:22
sz.002152,empty_from_all_sources,2,2026-08-25 16:26:22
sz.002153,empty_from_all_sources,2,2026-08-25 16:26:22
sz.002154,empty_from_all_sources,2,2026-08-25 16:26:22
sz.002157,empty_from_all_sources,2,2026-08-25 16:26:22
sz.002158,empty_from_all_sources,2,2026-08-25 16:26:22
sz.002159,empty_from_all_sources,2,2026-08-25 16:26:22
sz.002160,empty_from_all_sources,2,2026-08-25 16:26:22
sz.002161,empty_from_all_sources,2,2026-08-25 16:26:22
sz.002162,empty_from_all_sources,2,2026-08-25 16:26:22
sz.002163,empty_from_all_sources,2,2026-08-25 16:26:22
sz.002164,empty_from_all_sources,2,2026-08-25 16:26:22
sz.002165,empty_from_all_sources,2,2026-08-25 16:26:22
sz.002166,empty_from_all_sources,2,2026-08-25 16:26:22
sz.002168,empty_from_all_sources,2,2026-08-25 16:26:22
sz.002169,empty_from_all_sources,2,2026-08-25 16:26:22
sz.002170,empty_from_all_sources,2,2026-08-25 16:26:22
sz.002171,empty_from_all_sources,2,2026-08-25 16:26:22
sz.002172,empty_from_all_sources,2,2026-08-25 16:26:23
sz.002173,empty_from_all_sources,2,2026-08-25 16:26:23
sz.002174,empty_from_all_sources,2,2026-08-25 16:26:23
sz.002175,empty_from_all_sources,2,2026-08-25 16:26:23
sz.002177,empty_from_all_sources,2,2026-08-25 16:26:23
sz.002178,empty_from_all_sources,2,2026-08-25 16:26:23
sz.002179,empty_from_all_sources,2,2026-08-25 16:26:23
sz.002180,empty_from_all_sources,2,2026-08-25 16:26:23
sz.002181,empty_from_all_sources,2,2026-08-25 16:26:23
sz.002182,empty_from_all_sources,2,2026-08-25 16:26:23
sz.002183,empty_from_all_sources,2,2026-08-25 16:26:23
sz.002184,empty_from_all_sources,2,2026-08-25 16:26:23
sz.002186,empty_from_all_sources,2,2026-08-25 16:26:23
sz.002187,empty_from_all_sources,2,2026-08-25 16:26:23
sz.002188,empty_from_all_sources,2,2026-08-25 16:26:23
sz.002189,empty_from_all_sources,2,2026-08-25 16:26:23
sz.002190,empty_from_all_sources,2,2026-08-25 16:26:23
sz.002191,empty_from_all_sources,2,2026-08-25 16:26:23
sz.002193,empty_from_all_sources,2,2026-08-25 16:26:23
sz.002194,empty_from_all_sources,2,2026-08-25 16:26:23
sz.002195,empty_from_all_sources,2,2026-08-25 16:26:23
sz.002196,empty_from_all_sources,2,2026-08-25 16:26:23
sz.002197,empty_from_all_sources,2,2026-08-25 16:26:23
sz.002198,empty_from_all_sources,2,2026-08-25 16:26:23
sz.002199,empty_from_all_sources,2,2026-08-25 16:26:23
sz.002200,empty_from_all_sources,2,2026-08-25 16:26:23
sz.002201,empty_from_all_sources,2,2026-08-25 16:26:27
sz.002202,empty_from_all_sources,2,2026-08-25 16:26:27
sz.002203,empty_from_all_sources,2,2026-08-25 16:26:27
sz.002204,empty_from_all_sources,2,2026-08-25 16:26:27
sz.002205,empty_from_all_sources,2,2026-08-25 16:26:27
sz.002206,empty_from_all_sources,2,2026-08-25 16:26:27
sz.002207,empty_from_all_sources,2,2026-08-25 16:26:27
sz.002208,empty_from_all_sources,2,2026-08-25 16:26:28
sz.002209,empty_from_all_sources,2,2026-08-25 16:26:28
sz.002210,empty_from_all_sources,2,2026-08-25 16:26:28
sz.002211,empty_from_all_sources,2,2026-08-25 16:26:28
sz.002212,empty_from_all_sources,2,2026-08-25 16:26:28
sz.002213,empty_from_all_sources,2,2026-08-25 16:26:28
sz.002214,empty_from_all_sources,2,2026-08-25 16:26:28
sz.002215,empty_from_all_sources,2,2026-08-25 16:26:28
sz.002216,empty_from_all_sources,2,2026-08-25 16:26:28
sz.002217,empty_from_all_sources,2,2026-08-25 16:26:28
sz.002218,empty_from_all_sources,2,2026-08-25 16:26:28
sz.002219,empty_from_all_sources,2,2026-08-25 16:26:28
sz.002221,empty_from_all_sources,2,2026-08-25 16:26:28
sz.002222,empty_from_all_sources,2,2026-08-25 16:26:28
sz.002223,empty_from_all_sources,2,2026-08-25 16:26:28
sz.002224,empty_from_all_sources,2,2026-08-25 16:26:28
sz.002225,empty_from_all_sources,2,2026-08-25 16:26:28
sz.002226,empty_from_all_sources,2,2026-08-25 16:26:28
sz.002227,empty_from_all_sources,2,2026-08-25 16:26:28
sz.002228,empty_from_all_sources,2,2026-08-25 16:26:28
sz.002229,empty_from_all_sources,2,2026-08-25 16:26:28
sz.002230,empty_from_all_sources,2,2026-08-25 16:26:28
sz.002232,empty_from_all_sources,2,2026-08-25 16:26:28
sz.002233,empty_from_all_sources,2,2026-08-25 16:26:28
sz.002234,empty_from_all_sources,2,2026-08-25 16:26:28
sz.002235,empty_from_all_sources,2,2026-08-25 16:26:28
sz.002236,empty_from_all_sources,2,2026-08-25 16:26:28
sz.002237,empty_from_all_sources,2,2026-08-25 16:26:28
sz.002238,empty_from_all_sources,2,2026-08-25 16:26:28
sz.002239,empty_from_all_sources,2,2026-08-25 16:26:28
sz.002242,empty_from_all_sources,2,2026-08-25 16:26:28
sz.002243,empty_from_all_sources,2,2026-08-25 16:26:28
sz.002244,empty_from_all_sources,2,2026-08-25 16:26:28
sz.002246,empty_from_all_sources,2,2026-08-25 16:26:28
sz.002247,empty_from_all_sources,2,2026-08-25 16:26:28
sz.002248,empty_from_all_sources,2,2026-08-25 16:26:28
sz.002249,empty_from_all_sources,2,2026-08-25 16:26:28
sz.002250,empty_from_all_sources,2,2026-08-25 16:26:28
sz.002251,empty_from_all_sources,2,2026-08-25 16:26:28
sz.002252,empty_from_all_sources,2,2026-08-25 16:26:28
sz.002253,empty_from_all_sources,2,2026-08-25 16:26:28
sz.002254,empty_from_all_sources,2,2026-08-25 16:26:28
sz.002255,empty_from_all_sources,2,2026-08-25 16:26:28
sz.002256,empty_from_all_sources,2,2026-08-25 16:26:28
sz.002258,empty_from_all_sources,2,2026-08-25 16:26:28
sz.002259,empty_from_all_sources,2,2026-08-25 16:26:28
sz.002261,empty_from_all_sources,2,2026-08-25 16:26:28
sz.002262,empty_from_all_sources,2,2026-08-25 16:26:28
sz.002263,empty_from_all_sources,2,2026-08-25 16:26:28
sz.002264,empty_from_all_sources,2,2026-08-25 16:26:28
sz.002265,empty_from_all_sources,2,2026-08-25 16:26:28
sz.002266,empty_from_all_sources,2,2026-08-25 16:26:28
sz.002267,empty_from_all_sources,2,2026-08-25 16:26:28
sz.002268,empty_from_all_sources,2,2026-08-25 16:26:28
sz.002269,empty_from_all_sources,2,2026-08-25 16:26:28
sz.002270,empty_from_all_sources,2,2026-08-25 16:26:28
sz.002271,empty_from_all_sources,2,2026-08-25 16:26:28
sz.002272,empty_from_all_sources,2,2026-08-25 16:26:28
sz.002273,empty_from_all_sources,2,2026-08-25 16:26:28
sz.002274,empty_from_all_sources,2,2026-08-25 16:26:28
sz.002275,empty_from_all_sources,2,2026-08-25 16:26:28
sz.002276,empty_from_all_sources,2,2026-08-25 16:26:28
sz.002277,empty_from_all_sources,2,2026-08-25 16:26:28
sz.002278,empty_from_all_sources,2,2026-08-25 16:26:28
sz.002279,empty_from_all_sources,2,2026-08-25 16:26:28
sz.002282,empty_from_all_sources,2,2026-08-25 16:26:28
sz.002283,empty_from_all_sources,2,2026-08-25 16:26:28
sz.002284,empty_from_all_sources,2,2026-08-25 16:26:28
sz.002285,empty_from_all_sources,2,2026-08-25 16:26:28
sz.002286,empty_from_all_sources,2,2026-08-25 16:26:28
sz.002287,empty_from_all_sources,2,2026-08-25 16:26:28
sz.002289,empty_from_all_sources,2,2026-08-25 16:26:28
sz.002290,empty_from_all_sources,2,2026-08-25 16:26:28
sz.002291,empty_from_all_sources,2,2026-08-25 16:26:28
sz.002292,empty_from_all_sources,2,2026-08-25 16:26:28
sz.002293,empty_from_all_sources,2,2026-08-25 16:26:28
sz.002294,empty_from_all_sources,2,2026-08-25 16:26:28
sz.002295,empty_from_all_sources,2,2026-08-25 16:26:28
sz.002296,empty_from_all_sources,2,2026-08-25 16:26:28
sz.002297,empty_from_all_sources,2,2026-08-25 16:26:28
sz.002298,empty_from_all_sources,2,2026-08-25 16:26:28
sz.002299,empty_from_all_sources,2,2026-08-25 16:26:28
sz.002300,empty_from_all_sources,2,2026-08-25 16:26:28
sz.002301,empty_from_all_sources,2,2026-08-25 16:26:28
sz.002302,empty_from_all_sources,2,2026-08-25 16:26:28
sz.002303,empty_from_all_sources,2,2026-08-25 16:26:28
sz.002304,empty_from_all_sources,2,2026-08-25 16:26:28
sz.002305,empty_from_all_sources,2,2026-08-25 16:26:28
sz.002306,empty_from_all_sources,2,2026-08-25 16:26:28
sz.002307,empty_from_all_sources,2,2026-08-25 16:26:28
sz.002309,empty_from_all_sources,2,2026-08-25 16:26:28
sz.002310,empty_from_all_sources,2,2026-08-25 16:26:28
sz.002311,empty_from_all_sources,2,2026-08-25 16:26:28
sz.002312,empty_from_all_sources,2,2026-08-25 16:26:28
sz.002313,empty_from_all_sources,2,2026-08-25 16:26:28
sz.002314,empty_from_all_sources,2,2026-08-25 16:26:28
sz.002315,empty_from_all_sources,2,2026-08-25 16:26:28
sz.002316,empty_from_all_sources,2,2026-08-25 16:26:28
sz.002318,empty_from_all_sources,2,2026-08-25 16:26:28
sz.002319,empty_from_all_sources,2,2026-08-25 16:26:28
sz.002320,empty_from_all_sources,2,2026-08-25 16:26:28
sz.002321,empty_from_all_sources,2,2026-08-25 16:26:28
sz.002322,empty_from_all_sources,2,2026-08-25 16:26:28
sz.002323,empty_from_all_sources,2,2026-08-25 16:26:28
sz.002324,empty_from_all_sources,2,2026-08-25 16:26:28
sz.002326,empty_from_all_sources,2,2026-08-25 16:26:28
sz.002327,empty_from_all_sources,2,2026-08-25 16:26:28
sz.002328,empty_from_all_sources,2,2026-08-25 16:26:28
sz.002329,empty_from_all_sources,2,2026-08-25 16:26:28
sz.002330,empty_from_all_sources,2,2026-08-25 16:26:28
sz.002331,empty_from_all_sources,2,2026-08-25 16:26:28
sz.002332,empty_from_all_sources,2,2026-08-25 16:26:28
sz.002333,empty_from_all_sources,2,2026-08-25 16:26:28
sz.002334,empty_from_all_sources,2,2026-08-25 16:26:28
sz.002335,empty_from_all_sources,2,2026-08-25 16:26:28
sz.002337,empty_from_all_sources,2,2026-08-25 16:26:28
sz.002338,empty_from_all_sources,2,2026-08-25 16:26:28
sz.002339,empty_from_all_sources,2,2026-08-25 16:26:28
sz.002340,empty_from_all_sources,2,2026-08-25 16:26:28
sz.002342,empty_from_all_sources,2,2026-08-25 16:26:28
sz.002343,empty_from_all_sources,2,2026-08-25 16:26:28
sz.002344,empty_from_all_sources,2,2026-08-25 16:26:28
sz.002345,empty_from_all_sources,2,2026-08-25 16:26:28
sz.002346,empty_from_all_sources,2,2026-08-25 16:26:28
sz.002347,empty_from_all_sources,2,2026-08-25 16:26:28
sz.002348,empty_from_all_sources,2,2026-08-25 16:26:28
sz.002349,empty_from_all_sources,2,2026-08-25 16:26:28
sz.002350,empty_from_all_sources,2,2026-08-25 16:26:28
sz.002351,empty_from_all_sources,2,2026-08-25 16:26:28
sz.002352,empty_from_all_sources,2,2026-08-25 16:26:28
sz.002355,empty_from_all_sources,2,2026-08-25 16:26:28
sz.002361,empty_from_all_sources,2,2026-08-25 16:26:28
sz.002364,empty_from_all_sources,2,2026-08-25 16:26:28
sz.002371,empty_from_all_sources,2,2026-08-25 16:26:28
sz.002384,empty_from_all_sources,2,2026-08-25 16:26:28
sz.002396,empty_from_all_sources,2,2026-08-25 16:26:28
sz.002407,empty_from_all_sources,2,2026-08-25 16:26:28
sz.002409,empty_from_all_sources,2,2026-08-25 16:26:28
sz.002415,empty_from_all_sources,2,2026-08-25 16:26:28
sz.002428,empty_from_all_sources,2,2026-08-25 16:26:28
sz.002436,empty_from_all_sources,2,2026-08-25 16:26:28
sz.002437,empty_from_all_sources,2,2026-08-25 16:26:28
sz.002458,empty_from_all_sources,2,2026-08-25 16:26:28
sz.002463,empty_from_all_sources,2,2026-08-25 16:26:28
sz.002466,empty_from_all_sources,2,2026-08-25 16:26:28
sz.002472,empty_from_all_sources,2,2026-08-25 16:26:28
sz.002475,empty_from_all_sources,2,2026-08-25 16:26:28
sz.002484,empty_from_all_sources,2,2026-08-25 16:26:29
sz.002491,empty_from_all_sources,2,2026-08-25 16:26:29
sz.002536,empty_from_all_sources,2,2026-08-25 16:26:29
sz.002542,empty_from_all_sources,2,2026-08-25 16:26:29
sz.002543,empty_from_all_sources,2,2026-08-25 16:26:29
sz.002544,empty_from_all_sources,2,2026-08-25 16:26:29
sz.002545,empty_from_all_sources,2,2026-08-25 16:26:29
sz.002546,empty_from_all_sources,2,2026-08-25 16:26:29
sz.002547,empty_from_all_sources,2,2026-08-25 16:26:29
sz.002548,empty_from_all_sources,2,2026-08-25 16:26:29
sz.002549,empty_from_all_sources,2,2026-08-25 16:26:29
sz.002550,empty_from_all_sources,2,2026-08-25 16:26:29
sz.002551,empty_from_all_sources,2,2026-08-25 16:26:29
sz.002552,empty_from_all_sources,2,2026-08-25 16:26:29
sz.002553,empty_from_all_sources,2,2026-08-25 16:26:29
sz.002554,empty_from_all_sources,2,2026-08-25 16:26:29
sz.002555,empty_from_all_sources,2,2026-08-25 16:26:29
sz.002556,empty_from_all_sources,2,2026-08-25 16:26:29
sz.002557,empty_from_all_sources,2,2026-08-25 16:26:29
sz.002558,empty_from_all_sources,2,2026-08-25 16:26:29
sz.002559,empty_from_all_sources,2,2026-08-25 16:26:29
sz.002560,empty_from_all_sources,2,2026-08-25 16:26:29
sz.002561,empty_from_all_sources,2,2026-08-25 16:26:29
sz.002562,empty_from_all_sources,2,2026-08-25 16:26:29
sz.002563,empty_from_all_sources,2,2026-08-25 16:26:29
sz.002564,empty_from_all_sources,2,2026-08-25 16:26:29
sz.002565,empty_from_all_sources,2,2026-08-25 16:26:29
sz.002566,empty_from_all_sources,2,2026-08-25 16:26:29
sz.002567,empty_from_all_sources,2,2026-08-25 16:26:29
sz.002568,empty_from_all_sources,2,2026-08-25 16:26:29
sz.002569,empty_from_all_sources,2,2026-08-25 16:26:29
sz.002570,empty_from_all_sources,2,2026-08-25 16:26:29
sz.002571,empty_from_all_sources,2,2026-08-25 16:26:29
sz.002572,empty_from_all_sources,2,2026-08-25 16:26:29
sz.002573,empty_from_all_sources,2,2026-08-25 16:26:29
sz.002574,empty_from_all_sources,2,2026-08-25 16:26:29
sz.002575,empty_from_all_sources,2,2026-08-25 16:26:29
sz.002576,empty_from_all_sources,2,2026-08-25 16:26:29
sz.002577,empty_from_all_sources,2,2026-08-25 16:26:29
sz.002578,empty_from_all_sources,2,2026-08-25 16:26:29
sz.002581,empty_from_all_sources,2,2026-08-25 16:26:29
sz.002582,empty_from_all_sources,2,2026-08-25 16:26:29
sz.002583,empty_from_all_sources,2,2026-08-25 16:26:29
sz.002584,empty_from_all_sources,2,2026-08-25 16:26:29
sz.002585,empty_from_all_sources,2,2026-08-25 16:26:29
sz.002586,empty_from_all_sources,2,2026-08-25 16:26:29
sz.002587,empty_from_all_sources,2,2026-08-25 16:26:29
sz.002588,empty_from_all_sources,2,2026-08-25 16:26:29
sz.002589,empty_from_all_sources,2,2026-08-25 16:26:29
sz.002590,empty_from_all_sources,2,2026-08-25 16:26:29
sz.002591,empty_from_all_sources,2,2026-08-25 16:26:29
sz.002592,empty_from_all_sources,2,2026-08-25 16:26:29
sz.002593,empty_from_all_sources,2,2026-08-25 16:26:29
sz.002594,empty_from_all_sources,2,2026-08-25 16:26:29
sz.002595,empty_from_all_sources,2,2026-08-25 16:26:29
sz.002596,empty_from_all_sources,2,2026-08-25 16:26:29
sz.002597,empty_from_all_sources,2,2026-08-25 16:26:29
sz.002598,empty_from_all_sources,2,2026-08-25 16:26:29
sz.002599,empty_from_all_sources,2,2026-08-25 16:26:29
sz.002601,empty_from_all_sources,2,2026-08-25 16:26:29
sz.002602,empty_from_all_sources,2,2026-08-25 16:26:29
sz.002603,empty_from_all_sources,2,2026-08-25 16:26:29
sz.002605,empty_from_all_sources,2,2026-08-25 16:26:29
sz.002606,empty_from_all_sources,2,2026-08-25 16:26:29
sz.002607,empty_from_all_sources,2,2026-08-25 16:26:29
sz.002608,empty_from_all_sources,2,2026-08-25 16:26:29
sz.002609,empty_from_all_sources,2,2026-08-25 16:26:29
sz.002611,empty_from_all_sources,2,2026-08-25 16:26:29
sz.002612,empty_from_all_sources,2,2026-08-25 16:26:29
sz.002613,empty_from_all_sources,2,2026-08-25 16:26:29
sz.002614,empty_from_all_sources,2,2026-08-25 16:26:29
sz.002615,empty_from_all_sources,2,2026-08-25 16:26:29
sz.002616,empty_from_all_sources,2,2026-08-25 16:26:29
sz.002617,empty_from_all_sources,2,2026-08-25 16:26:29
sz.002620,empty_from_all_sources,2,2026-08-25 16:26:29
sz.002622,empty_from_all_sources,2,2026-08-25 16:26:29
sz.002623,empty_from_all_sources,2,2026-08-25 16:26:29
sz.002624,empty_from_all_sources,2,2026-08-25 16:26:29
sz.002625,empty_from_all_sources,2,2026-08-25 16:26:29
sz.002626,empty_from_all_sources,2,2026-08-25 16:26:29
sz.002627,empty_from_all_sources,2,2026-08-25 16:26:29
sz.002628,empty_from_all_sources,2,2026-08-25 16:26:29
sz.002629,empty_from_all_sources,2,2026-08-25 16:26:29
sz.002630,empty_from_all_sources,2,2026-08-25 16:26:29
sz.002631,empty_from_all_sources,2,2026-08-25 16:26:29
sz.002632,empty_from_all_sources,2,2026-08-25 16:26:29
sz.002633,empty_from_all_sources,2,2026-08-25 16:26:29
sz.002634,empty_from_all_sources,2,2026-08-25 16:26:29
sz.002635,empty_from_all_sources,2,2026-08-25 16:26:29
sz.002637,empty_from_all_sources,2,2026-08-25 16:26:29
sz.002638,empty_from_all_sources,2,2026-08-25 16:26:29
sz.002639,empty_from_all_sources,2,2026-08-25 16:26:29
sz.002640,empty_from_all_sources,2,2026-08-25 16:26:29
sz.002641,empty_from_all_sources,2,2026-08-25 16:26:29
sz.002642,empty_from_all_sources,2,2026-08-25 16:26:29
sz.002643,empty_from_all_sources,2,2026-08-25 16:26:29
sz.002644,empty_from_all_sources,2,2026-08-25 16:26:29
sz.002645,empty_from_all_sources,2,2026-08-25 16:26:29
sz.002646,empty_from_all_sources,2,2026-08-25 16:26:29
sz.002647,empty_from_all_sources,2,2026-08-25 16:26:29
sz.002648,empty_from_all_sources,2,2026-08-25 16:26:29
sz.002649,empty_from_all_sources,2,2026-08-25 16:26:29
sz.002650,empty_from_all_sources,2,2026-08-25 16:26:29
sz.002651,empty_from_all_sources,2,2026-08-25 16:26:29
sz.002652,empty_from_all_sources,2,2026-08-25 16:26:29
sz.002653,empty_from_all_sources,2,2026-08-25 16:26:29
sz.002654,empty_from_all_sources,2,2026-08-25 16:26:29
sz.002655,empty_from_all_sources,2,2026-08-25 16:26:29
sz.002656,empty_from_all_sources,2,2026-08-25 16:26:29
sz.002657,empty_from_all_sources,2,2026-08-25 16:26:29
sz.002658,empty_from_all_sources,2,2026-08-25 16:26:29
sz.002659,empty_from_all_sources,2,2026-08-25 16:26:29
sz.002660,empty_from_all_sources,2,2026-08-25 16:26:29
sz.002661,empty_from_all_sources,2,2026-08-25 16:26:29
sz.002662,empty_from_all_sources,2,2026-08-25 16:26:29
sz.002663,empty_from_all_sources,2,2026-08-25 16:26:29
sz.002664,empty_from_all_sources,2,2026-08-25 16:26:29
sz.002666,empty_from_all_sources,2,2026-08-25 16:26:29
sz.002667,empty_from_all_sources,2,2026-08-25 16:26:29
sz.002668,empty_from_all_sources,2,2026-08-25 16:26:29
sz.002669,empty_from_all_sources,2,2026-08-25 16:26:29
sz.002670,empty_from_all_sources,2,2026-08-25 16:26:29
sz.002671,empty_from_all_sources,2,2026-08-25 16:26:29
sz.002672,empty_from_all_sources,2,2026-08-25 16:26:29
sz.002673,empty_from_all_sources,2,2026-08-25 16:26:29
sz.002674,empty_from_all_sources,2,2026-08-25 16:26:29
sz.002675,empty_from_all_sources,2,2026-08-25 16:26:29
sz.002676,empty_from_all_sources,2,2026-08-25 16:26:29
sz.002677,empty_from_all_sources,2,2026-08-25 16:26:29
sz.002678,empty_from_all_sources,2,2026-08-25 16:26:30
sz.002679,empty_from_all_sources,2,2026-08-25 16:26:30
sz.002681,empty_from_all_sources,2,2026-08-25 16:26:30
sz.002682,empty_from_all_sources,2,2026-08-25 16:26:30
sz.002683,empty_from_all_sources,2,2026-08-25 16:26:30
sz.002685,empty_from_all_sources,2,2026-08-25 16:26:30
sz.002686,empty_from_all_sources,2,2026-08-25 16:26:30
sz.002688,empty_from_all_sources,2,2026-08-25 16:26:30
sz.002689,empty_from_all_sources,2,2026-08-25 16:26:30
sz.002690,empty_from_all_sources,2,2026-08-25 16:26:30
sz.002691,empty_from_all_sources,2,2026-08-25 16:26:30
sz.002692,empty_from_all_sources,2,2026-08-25 16:26:30
sz.002693,empty_from_all_sources,2,2026-08-25 16:26:30
sz.002694,empty_from_all_sources,2,2026-08-25 16:26:30
sz.002695,empty_from_all_sources,2,2026-08-25 16:26:30
sz.002696,empty_from_all_sources,2,2026-08-25 16:26:30
sz.002697,empty_from_all_sources,2,2026-08-25 16:26:30
sz.002698,empty_from_all_sources,2,2026-08-25 16:26:30
sz.002700,empty_from_all_sources,2,2026-08-25 16:26:30
sz.002701,empty_from_all_sources,2,2026-08-25 16:26:30
sz.002702,empty_from_all_sources,2,2026-08-25 16:26:30
sz.002703,empty_from_all_sources,2,2026-08-25 16:26:30
sz.002705,empty_from_all_sources,2,2026-08-25 16:26:30
sz.002706,empty_from_all_sources,2,2026-08-25 16:26:30
sz.002707,empty_from_all_sources,2,2026-08-25 16:26:30
sz.002708,empty_from_all_sources,2,2026-08-25 16:26:30
sz.002712,empty_from_all_sources,2,2026-08-25 16:26:30
sz.002713,empty_from_all_sources,2,2026-08-25 16:26:30
sz.002714,empty_from_all_sources,2,2026-08-25 16:26:30
sz.002715,empty_from_all_sources,2,2026-08-25 16:26:30
sz.002717,empty_from_all_sources,2,2026-08-25 16:26:30
sz.002718,empty_from_all_sources,2,2026-08-25 16:26:30
sz.002719,empty_from_all_sources,2,2026-08-25 16:26:30
sz.002721,empty_from_all_sources,2,2026-08-25 16:26:30
sz.002722,empty_from_all_sources,2,2026-08-25 16:26:30
sz.002723,empty_from_all_sources,2,2026-08-25 16:26:30
sz.002724,empty_from_all_sources,2,2026-08-25 16:26:30
sz.002725,empty_from_all_sources,2,2026-08-25 16:26:30
sz.002726,empty_from_all_sources,2,2026-08-25 16:26:30
sz.002727,empty_from_all_sources,2,2026-08-25 16:26:30
sz.002728,empty_from_all_sources,2,2026-08-25 16:26:30
sz.002729,empty_from_all_sources,2,2026-08-25 16:26:30
sz.002730,empty_from_all_sources,2,2026-08-25 16:26:30
sz.002731,empty_from_all_sources,2,2026-08-25 16:26:30
sz.002732,empty_from_all_sources,2,2026-08-25 16:26:30
sz.002733,empty_from_all_sources,2,2026-08-25 16:26:30
sz.002734,empty_from_all_sources,2,2026-08-25 16:26:30
sz.002735,empty_from_all_sources,2,2026-08-25 16:26:30
sz.002736,empty_from_all_sources,2,2026-08-25 16:26:30
sz.002737,empty_from_all_sources,2,2026-08-25 16:26:30
sz.002738,empty_from_all_sources,2,2026-08-25 16:26:30
sz.002739,empty_from_all_sources,2,2026-08-25 16:26:30
sz.002741,empty_from_all_sources,2,2026-08-25 16:26:30
sz.002742,empty_from_all_sources,2,2026-08-25 16:26:30
sz.002743,empty_from_all_sources,2,2026-08-25 16:26:30
sz.002745,empty_from_all_sources,2,2026-08-25 16:26:30
sz.002746,empty_from_all_sources,2,2026-08-25 16:26:30
sz.002748,empty_from_all_sources,2,2026-08-25 16:26:30
sz.002749,empty_from_all_sources,2,2026-08-25 16:26:30
sz.002752,empty_from_all_sources,2,2026-08-25 16:26:30
sz.002753,empty_from_all_sources,2,2026-08-25 16:26:30
sz.002755,empty_from_all_sources,2,2026-08-25 16:26:30
sz.002756,empty_from_all_sources,2,2026-08-25 16:26:30
sz.002757,empty_from_all_sources,2,2026-08-25 16:26:30
sz.002758,empty_from_all_sources,2,2026-08-25 16:26:30
sz.002759,empty_from_all_sources,2,2026-08-25 16:26:30
sz.002760,empty_from_all_sources,2,2026-08-25 16:26:30
sz.002761,empty_from_all_sources,2,2026-08-25 16:26:30
sz.002763,empty_from_all_sources,2,2026-08-25 16:26:30
sz.002765,empty_from_all_sources,2,2026-08-25 16:26:30
sz.002766,empty_from_all_sources,2,2026-08-25 16:26:30
sz.002767,empty_from_all_sources,2,2026-08-25 16:26:30
sz.002768,empty_from_all_sources,2,2026-08-25 16:26:30
sz.002769,empty_from_all_sources,2,2026-08-25 16:26:30
sz.002771,empty_from_all_sources,2,2026-08-25 16:26:30
sz.002772,empty_from_all_sources,2,2026-08-25 16:26:30
sz.002773,empty_from_all_sources,2,2026-08-25 16:26:30
sz.002774,empty_from_all_sources,2,2026-08-25 16:26:30
sz.002775,empty_from_all_sources,2,2026-08-25 16:26:30
sz.002777,empty_from_all_sources,2,2026-08-25 16:26:30
sz.002778,empty_from_all_sources,2,2026-08-25 16:26:30
sz.002779,empty_from_all_sources,2,2026-08-25 16:26:30
sz.002780,empty_from_all_sources,2,2026-08-25 16:26:30
sz.002782,empty_from_all_sources,2,2026-08-25 16:26:30
sz.002783,empty_from_all_sources,2,2026-08-25 16:26:30
sz.002785,empty_from_all_sources,2,2026-08-25 16:26:30
sz.002786,empty_from_all_sources,2,2026-08-25 16:26:30
sz.002787,empty_from_all_sources,2,2026-08-25 16:26:30
sz.002788,empty_from_all_sources,2,2026-08-25 16:26:30
sz.002789,empty_from_all_sources,2,2026-08-25 16:26:30
sz.002790,empty_from_all_sources,2,2026-08-25 16:26:30
sz.002791,empty_from_all_sources,2,2026-08-25 16:26:30
sz.002792,empty_from_all_sources,2,2026-08-25 16:26:30
sz.002793,empty_from_all_sources,2,2026-08-25 16:26:30
sz.002795,empty_from_all_sources,2,2026-08-25 16:26:30
sz.002796,empty_from_all_sources,2,2026-08-25 16:26:30
sz.002797,empty_from_all_sources,2,2026-08-25 16:26:30
sz.002798,empty_from_all_sources,2,2026-08-25 16:26:30
sz.002799,empty_from_all_sources,2,2026-08-25 16:26:30
sz.002800,empty_from_all_sources,2,2026-08-25 16:26:30
sz.002801,empty_from_all_sources,2,2026-08-25 16:26:30
sz.002802,empty_from_all_sources,2,2026-08-25 16:26:30
sz.002803,empty_from_all_sources,2,2026-08-25 16:26:30
sz.002805,empty_from_all_sources,2,2026-08-25 16:26:30
sz.002806,empty_from_all_sources,2,2026-08-25 16:26:30
sz.002807,empty_from_all_sources,2,2026-08-25 16:26:30
sz.002809,empty_from_all_sources,2,2026-08-25 16:26:30
sz.002810,empty_from_all_sources,2,2026-08-25 16:26:30
sz.002811,empty_from_all_sources,2,2026-08-25 16:26:30
sz.002813,empty_from_all_sources,2,2026-08-25 16:26:30
sz.002815,empty_from_all_sources,2,2026-08-25 16:26:30
sz.002816,empty_from_all_sources,2,2026-08-25 16:26:30
sz.002817,empty_from_all_sources,2,2026-08-25 16:26:30
sz.002818,empty_from_all_sources,2,2026-08-25 16:26:30
sz.002819,empty_from_all_sources,2,2026-08-25 16:26:30
sz.002820,empty_from_all_sources,2,2026-08-25 16:26:30
sz.002822,empty_from_all_sources,2,2026-08-25 16:26:30
sz.002823,empty_from_all_sources,2,2026-08-25 16:26:30
sz.002824,empty_from_all_sources,2,2026-08-25 16:26:30
sz.002825,empty_from_all_sources,2,2026-08-25 16:26:30
sz.002826,empty_from_all_sources,2,2026-08-25 16:26:30
sz.002827,empty_from_all_sources,2,2026-08-25 16:26:30
sz.002828,empty_from_all_sources,2,2026-08-25 16:26:30
sz.002829,empty_from_all_sources,2,2026-08-25 16:26:30
sz.002830,empty_from_all_sources,2,2026-08-25 16:26:30
sz.002831,empty_from_all_sources,2,2026-08-25 16:26:30
sz.002832,empty_from_all_sources,2,2026-08-25 16:26:30
sz.002833,empty_from_all_sources,2,2026-08-25 16:26:31
sz.002835,empty_from_all_sources,2,2026-08-25 16:26:31
sz.002836,empty_from_all_sources,2,2026-08-25 16:26:31
sz.002837,empty_from_all_sources,2,2026-08-25 16:26:31
sz.002838,empty_from_all_sources,2,2026-08-25 16:26:31
sz.002839,empty_from_all_sources,2,2026-08-25 16:26:31
sz.002840,empty_from_all_sources,2,2026-08-25 16:26:31
sz.002841,empty_from_all_sources,2,2026-08-25 16:26:31
sz.002842,empty_from_all_sources,2,2026-08-25 16:26:31
sz.002843,empty_from_all_sources,2,2026-08-25 16:26:31
sz.002845,empty_from_all_sources,2,2026-08-25 16:26:31
sz.002846,empty_from_all_sources,2,2026-08-25 16:26:31
sz.002847,empty_from_all_sources,2,2026-08-25 16:26:31
sz.002848,empty_from_all_sources,2,2026-08-25 16:26:31
sz.002849,empty_from_all_sources,2,2026-08-25 16:26:31
sz.002850,empty_from_all_sources,2,2026-08-25 16:26:31
sz.002852,empty_from_all_sources,2,2026-08-25 16:26:31
sz.002853,empty_from_all_sources,2,2026-08-25 16:26:31
sz.002855,empty_from_all_sources,2,2026-08-25 16:26:31
sz.002856,empty_from_all_sources,2,2026-08-25 16:26:31
sz.002857,empty_from_all_sources,2,2026-08-25 16:26:31
sz.002858,empty_from_all_sources,2,2026-08-25 16:26:31
sz.002860,empty_from_all_sources,2,2026-08-25 16:26:31
sz.002861,empty_from_all_sources,2,2026-08-25 16:26:31
sz.002862,empty_from_all_sources,2,2026-08-25 16:26:31
sz.002863,empty_from_all_sources,2,2026-08-25 16:26:31
sz.002864,empty_from_all_sources,2,2026-08-25 16:26:31
sz.002865,empty_from_all_sources,2,2026-08-25 16:26:31
sz.002866,empty_from_all_sources,2,2026-08-25 16:26:31
sz.002867,empty_from_all_sources,2,2026-08-25 16:26:31
sz.002868,empty_from_all_sources,2,2026-08-25 16:26:31
sz.002869,empty_from_all_sources,2,2026-08-25 16:26:31
sz.002871,empty_from_all_sources,2,2026-08-25 16:26:31
sz.002872,empty_from_all_sources,2,2026-08-25 16:26:31
sz.002873,empty_from_all_sources,2,2026-08-25 16:26:31
sz.002875,empty_from_all_sources,2,2026-08-25 16:26:31
sz.002876,empty_from_all_sources,2,2026-08-25 16:26:31
sz.002877,empty_from_all_sources,2,2026-08-25 16:26:31
sz.002878,empty_from_all_sources,2,2026-08-25 16:26:31
sz.002879,empty_from_all_sources,2,2026-08-25 16:26:31
sz.002880,empty_from_all_sources,2,2026-08-25 16:26:31
sz.002881,empty_from_all_sources,2,2026-08-25 16:26:31
sz.002882,empty_from_all_sources,2,2026-08-25 16:26:31
sz.002883,empty_from_all_sources,2,2026-08-25 16:26:31
sz.002884,empty_from_all_sources,2,2026-08-25 16:26:31
sz.002885,empty_from_all_sources,2,2026-08-25 16:26:31
sz.002886,empty_from_all_sources,2,2026-08-25 16:26:31
sz.002887,empty_from_all_sources,2,2026-08-25 16:26:31
sz.002888,empty_from_all_sources,2,2026-08-25 16:26:31
sz.002889,empty_from_all_sources,2,2026-08-25 16:26:31
sz.002890,empty_from_all_sources,2,2026-08-25 16:26:31
sz.002891,empty_from_all_sources,2,2026-08-25 16:26:31
sz.002892,empty_from_all_sources,2,2026-08-25 16:26:31
sz.002893,empty_from_all_sources,2,2026-08-25 16:26:31
sz.002895,empty_from_all_sources,2,2026-08-25 16:26:31
sz.002897,empty_from_all_sources,2,2026-08-25 16:26:31
sz.002899,empty_from_all_sources,2,2026-08-25 16:26:31
sz.002900,empty_from_all_sources,2,2026-08-25 16:26:31
sz.002901,empty_from_all_sources,2,2026-08-25 16:26:31
sz.002902,empty_from_all_sources,2,2026-08-25 16:26:31
sz.002903,empty_from_all_sources,2,2026-08-25 16:26:31
sz.002905,empty_from_all_sources,2,2026-08-25 16:26:31
sz.002906,empty_from_all_sources,2,2026-08-25 16:26:31
sz.002907,empty_from_all_sources,2,2026-08-25 16:26:31
sz.002908,empty_from_all_sources,2,2026-08-25 16:26:31
sz.002909,empty_from_all_sources,2,2026-08-25 16:26:31
sz.002910,empty_from_all_sources,2,2026-08-25 16:26:31
sz.002911,empty_from_all_sources,2,2026-08-25 16:26:31
sz.002912,empty_from_all_sources,2,2026-08-25 16:26:31
sz.002913,empty_from_all_sources,2,2026-08-25 16:26:31
sz.002915,empty_from_all_sources,2,2026-08-25 16:26:31
sz.002917,empty_from_all_sources,2,2026-08-25 16:26:31
sz.002918,empty_from_all_sources,2,2026-08-25 16:26:31
sz.002919,empty_from_all_sources,2,2026-08-25 16:26:31
sz.002920,empty_from_all_sources,2,2026-08-25 16:26:31
sz.002921,empty_from_all_sources,2,2026-08-25 16:26:31
sz.002922,empty_from_all_sources,2,2026-08-25 16:26:31
sz.002923,empty_from_all_sources,2,2026-08-25 16:26:31
sz.002925,empty_from_all_sources,2,2026-08-25 16:26:31
sz.002926,empty_from_all_sources,2,2026-08-25 16:26:31
sz.002927,empty_from_all_sources,2,2026-08-25 16:26:31
sz.002928,empty_from_all_sources,2,2026-08-25 16:26:31
sz.002929,empty_from_all_sources,2,2026-08-25 16:26:31
sz.002930,empty_from_all_sources,2,2026-08-25 16:26:31
sz.002931,empty_from_all_sources,2,2026-08-25 16:26:31
sz.002932,empty_from_all_sources,2,2026-08-25 16:26:31
sz.002933,empty_from_all_sources,2,2026-08-25 16:26:31
sz.002935,empty_from_all_sources,2,2026-08-25 16:26:31
sz.002936,empty_from_all_sources,2,2026-08-25 16:26:31
sz.002937,empty_from_all_sources,2,2026-08-25 16:26:31
sz.002939,empty_from_all_sources,2,2026-08-25 16:26:31
sz.002940,empty_from_all_sources,2,2026-08-25 16:26:31
sz.002941,empty_from_all_sources,2,2026-08-25 16:26:31
sz.002942,empty_from_all_sources,2,2026-08-25 16:26:31
sz.002943,empty_from_all_sources,2,2026-08-25 16:26:31
sz.002945,empty_from_all_sources,2,2026-08-25 16:26:31
sz.002946,empty_from_all_sources,2,2026-08-25 16:26:31
sz.002947,empty_from_all_sources,2,2026-08-25 16:26:31
sz.002948,empty_from_all_sources,2,2026-08-25 16:26:31
sz.002949,empty_from_all_sources,2,2026-08-25 16:26:31
sz.002950,empty_from_all_sources,2,2026-08-25 16:26:31
sz.002951,empty_from_all_sources,2,2026-08-25 16:26:31
sz.002952,empty_from_all_sources,2,2026-08-25 16:26:31
sz.002953,empty_from_all_sources,2,2026-08-25 16:26:31
sz.002955,empty_from_all_sources,2,2026-08-25 16:26:31
sz.002956,empty_from_all_sources,2,2026-08-25 16:26:31
sz.002957,empty_from_all_sources,2,2026-08-25 16:26:31
sz.002958,empty_from_all_sources,2,2026-08-25 16:26:31
sz.002959,empty_from_all_sources,2,2026-08-25 16:26:31
sz.002960,empty_from_all_sources,2,2026-08-25 16:26:31
sz.002961,empty_from_all_sources,2,2026-08-25 16:26:31
sz.002962,empty_from_all_sources,2,2026-08-25 16:26:31
sz.002963,empty_from_all_sources,2,2026-08-25 16:26:31
sz.002965,empty_from_all_sources,2,2026-08-25 16:26:31
sz.002966,empty_from_all_sources,2,2026-08-25 16:26:31
sz.002967,empty_from_all_sources,2,2026-08-25 16:26:31
sz.002968,empty_from_all_sources,2,2026-08-25 16:26:31
sz.002969,empty_from_all_sources,2,2026-08-25 16:26:31
sz.002970,empty_from_all_sources,2,2026-08-25 16:26:31
sz.002971,empty_from_all_sources,2,2026-08-25 16:26:31
sz.002972,empty_from_all_sources,2,2026-08-25 16:26:31
sz.002973,empty_from_all_sources,2,2026-08-25 16:26:31
sz.002976,empty_from_all_sources,2,2026-08-25 16:26:31
sz.002977,empty_from_all_sources,2,2026-08-25 16:26:31
sz.002978,empty_from_all_sources,2,2026-08-25 16:26:31
sz.002979,empty_from_all_sources,2,2026-08-25 16:26:32
sz.002980,empty_from_all_sources,2,2026-08-25 16:26:32
sz.002981,empty_from_all_sources,2,2026-08-25 16:26:32
sz.002982,empty_from_all_sources,2,2026-08-25 16:26:32
sz.002983,empty_from_all_sources,2,2026-08-25 16:26:32
sz.002984,empty_from_all_sources,2,2026-08-25 16:26:32
sz.002985,empty_from_all_sources,2,2026-08-25 16:26:32
sz.002986,empty_from_all_sources,2,2026-08-25 16:26:32
sz.002987,empty_from_all_sources,2,2026-08-25 16:26:32
sz.002988,empty_from_all_sources,2,2026-08-25 16:26:32
sz.002989,empty_from_all_sources,2,2026-08-25 16:26:32
sz.002990,empty_from_all_sources,2,2026-08-25 16:26:32
sz.002991,empty_from_all_sources,2,2026-08-25 16:26:32
sz.002992,empty_from_all_sources,2,2026-08-25 16:26:32
sz.002993,empty_from_all_sources,2,2026-08-25 16:26:32
sz.002995,empty_from_all_sources,2,2026-08-25 16:26:32
sz.002996,empty_from_all_sources,2,2026-08-25 16:26:32
sz.002997,empty_from_all_sources,2,2026-08-25 16:26:32
sz.002998,empty_from_all_sources,2,2026-08-25 16:26:32
sz.002999,empty_from_all_sources,2,2026-08-25 16:26:32
sz.003000,empty_from_all_sources,2,2026-08-25 16:26:32
sz.003001,empty_from_all_sources,2,2026-08-25 16:26:32
sz.003002,empty_from_all_sources,2,2026-08-25 16:26:32
sz.003003,empty_from_all_sources,2,2026-08-25 16:26:32
sz.003004,empty_from_all_sources,2,2026-08-25 16:26:32
sz.003005,empty_from_all_sources,2,2026-08-25 16:26:32
sz.003006,empty_from_all_sources,2,2026-08-25 16:26:32
sz.003007,empty_from_all_sources,2,2026-08-25 16:26:32
sz.003008,empty_from_all_sources,2,2026-08-25 16:26:32
sz.003009,empty_from_all_sources,2,2026-08-25 16:26:32
sz.003010,empty_from_all_sources,2,2026-08-25 16:26:32
sz.003011,empty_from_all_sources,2,2026-08-25 16:26:32
sz.003012,empty_from_all_sources,2,2026-08-25 16:26:32
sz.003013,empty_from_all_sources,2,2026-08-25 16:26:32
sz.003015,empty_from_all_sources,2,2026-08-25 16:26:32
sz.003016,empty_from_all_sources,2,2026-08-25 16:26:32
sz.003017,empty_from_all_sources,2,2026-08-25 16:26:32
sz.003018,empty_from_all_sources,2,2026-08-25 16:26:32
sz.003019,empty_from_all_sources,2,2026-08-25 16:26:32
sz.003020,empty_from_all_sources,2,2026-08-25 16:26:32
sz.003021,empty_from_all_sources,2,2026-08-25 16:26:32
sz.003022,empty_from_all_sources,2,2026-08-25 16:26:32
sz.003023,empty_from_all_sources,2,2026-08-25 16:26:32
sz.003025,empty_from_all_sources,2,2026-08-25 16:26:32
sz.003026,empty_from_all_sources,2,2026-08-25 16:26:32
sz.003027,empty_from_all_sources,2,2026-08-25 16:26:32
sz.003028,empty_from_all_sources,2,2026-08-25 16:26:32
sz.003029,empty_from_all_sources,2,2026-08-25 16:26:32
sz.003030,empty_from_all_sources,2,2026-08-25 16:26:32
sz.003031,empty_from_all_sources,2,2026-08-25 16:26:32
sz.003032,empty_from_all_sources,2,2026-08-25 16:26:32
sz.003033,empty_from_all_sources,2,2026-08-25 16:26:32
sz.003035,empty_from_all_sources,2,2026-08-25 16:26:32
sz.003036,empty_from_all_sources,2,2026-08-25 16:26:32
sz.003037,empty_from_all_sources,2,2026-08-25 16:26:32
sz.003038,empty_from_all_sources,2,2026-08-25 16:26:32
sz.003039,empty_from_all_sources,2,2026-08-25 16:26:32
sz.003040,empty_from_all_sources,2,2026-08-25 16:26:32
sz.003041,empty_from_all_sources,2,2026-08-25 16:26:32
sz.003042,empty_from_all_sources,2,2026-08-25 16:26:32
sz.003043,empty_from_all_sources,2,2026-08-25 16:26:32
sz.003816,empty_from_all_sources,2,2026-08-25 16:26:32
sz.300001,empty_from_all_sources,2,2026-08-25 16:26:32
sz.300002,empty_from_all_sources,2,2026-08-25 16:26:32
sz.300003,empty_from_all_sources,2,2026-08-25 16:26:32
sz.300004,empty_from_all_sources,2,2026-08-25 16:26:32
sz.300005,empty_from_all_sources,2,2026-08-25 16:26:32
sz.300006,empty_from_all_sources,2,2026-08-25 16:26:32
sz.300007,empty_from_all_sources,2,2026-08-25 16:26:32
sz.300008,empty_from_all_sources,2,2026-08-25 16:26:32
sz.300009,empty_from_all_sources,2,2026-08-25 16:26:32
sz.300010,empty_from_all_sources,2,2026-08-25 16:26:32
sz.300011,empty_from_all_sources,2,2026-08-25 16:26:32
sz.300014,empty_from_all_sources,2,2026-08-25 16:26:32
sz.300015,empty_from_all_sources,2,2026-08-25 16:26:32
sz.300016,empty_from_all_sources,2,2026-08-25 16:26:32
sz.300017,empty_from_all_sources,2,2026-08-25 16:26:32
sz.300018,empty_from_all_sources,2,2026-08-25 16:26:32
sz.300019,empty_from_all_sources,2,2026-08-25 16:26:32
sz.300020,empty_from_all_sources,2,2026-08-25 16:26:32
sz.300021,empty_from_all_sources,2,2026-08-25 16:26:32
sz.300022,empty_from_all_sources,2,2026-08-25 16:26:32
sz.300024,empty_from_all_sources,2,2026-08-25 16:26:32
sz.300025,empty_from_all_sources,2,2026-08-25 16:26:32
sz.300026,empty_from_all_sources,2,2026-08-25 16:26:32
sz.300027,empty_from_all_sources,2,2026-08-25 16:26:32
sz.300030,empty_from_all_sources,2,2026-08-25 16:26:32
sz.300031,empty_from_all_sources,2,2026-08-25 16:26:32
sz.300032,empty_from_all_sources,2,2026-08-25 16:26:32
sz.300034,empty_from_all_sources,2,2026-08-25 16:26:32
sz.300035,empty_from_all_sources,2,2026-08-25 16:26:32
sz.300036,empty_from_all_sources,2,2026-08-25 16:26:32
sz.300037,empty_from_all_sources,2,2026-08-25 16:26:32
sz.300039,empty_from_all_sources,2,2026-08-25 16:26:32
sz.300040,empty_from_all_sources,2,2026-08-25 16:26:32
sz.300041,empty_from_all_sources,2,2026-08-25 16:26:32
sz.300042,empty_from_all_sources,2,2026-08-25 16:26:32
sz.300043,empty_from_all_sources,2,2026-08-25 16:26:32
sz.300044,empty_from_all_sources,2,2026-08-25 16:26:32
sz.300045,empty_from_all_sources,2,2026-08-25 16:26:32
sz.300046,empty_from_all_sources,2,2026-08-25 16:26:32
sz.300047,empty_from_all_sources,2,2026-08-25 16:26:32
sz.300048,empty_from_all_sources,2,2026-08-25 16:26:32
sz.300049,empty_from_all_sources,2,2026-08-25 16:26:32
sz.300050,empty_from_all_sources,2,2026-08-25 16:26:32
sz.300051,empty_from_all_sources,2,2026-08-25 16:26:32
sz.300052,empty_from_all_sources,2,2026-08-25 16:26:32
sz.300055,empty_from_all_sources,2,2026-08-25 16:26:32
sz.300056,empty_from_all_sources,2,2026-08-25 16:26:32
sz.300057,empty_from_all_sources,2,2026-08-25 16:26:32
sz.300058,empty_from_all_sources,2,2026-08-25 16:26:32
sz.300061,empty_from_all_sources,2,2026-08-25 16:26:32
sz.300062,empty_from_all_sources,2,2026-08-25 16:26:32
sz.300063,empty_from_all_sources,2,2026-08-25 16:26:32
sz.300065,empty_from_all_sources,2,2026-08-25 16:26:32
sz.300066,empty_from_all_sources,2,2026-08-25 16:26:32
sz.300067,empty_from_all_sources,2,2026-08-25 16:26:32
sz.300068,empty_from_all_sources,2,2026-08-25 16:26:32
sz.300069,empty_from_all_sources,2,2026-08-25 16:26:32
sz.300070,empty_from_all_sources,2,2026-08-25 16:26:32
sz.300071,empty_from_all_sources,2,2026-08-25 16:26:32
sz.300072,empty_from_all_sources,2,2026-08-25 16:26:32
sz.300073,empty_from_all_sources,2,2026-08-25 16:26:32
sz.300074,empty_from_all_sources,2,2026-08-25 16:26:32
sz.300075,empty_from_all_sources,2,2026-08-25 16:26:32
sz.300076,empty_from_all_sources,2,2026-08-25 16:26:32
sz.300077,empty_from_all_sources,2,2026-08-25 16:26:32
sz.300078,empty_from_all_sources,2,2026-08-25 16:26:32
sz.300079,empty_from_all_sources,2,2026-08-25 16:26:32
sz.300080,empty_from_all_sources,2,2026-08-25 16:26:32
sz.300081,empty_from_all_sources,2,2026-08-25 16:26:32
sz.300082,empty_from_all_sources,2,2026-08-25 16:26:32
sz.300083,empty_from_all_sources,2,2026-08-25 16:26:32
sz.300084,empty_from_all_sources,2,2026-08-25 16:26:33
sz.300085,empty_from_all_sources,2,2026-08-25 16:26:33
sz.300086,empty_from_all_sources,2,2026-08-25 16:26:33
sz.300087,empty_from_all_sources,2,2026-08-25 16:26:33
sz.300091,empty_from_all_sources,2,2026-08-25 16:26:33
sz.300092,empty_from_all_sources,2,2026-08-25 16:26:33
sz.300093,empty_from_all_sources,2,2026-08-25 16:26:33
sz.300094,empty_from_all_sources,2,2026-08-25 16:26:33
sz.300095,empty_from_all_sources,2,2026-08-25 16:26:33
sz.300096,empty_from_all_sources,2,2026-08-25 16:26:33
sz.300097,empty_from_all_sources,2,2026-08-25 16:26:33
sz.300098,empty_from_all_sources,2,2026-08-25 16:26:33
sz.300099,empty_from_all_sources,2,2026-08-25 16:26:33
sz.300100,empty_from_all_sources,2,2026-08-25 16:26:33
sz.300101,empty_from_all_sources,2,2026-08-25 16:26:33
sz.300102,empty_from_all_sources,2,2026-08-25 16:26:33
sz.300103,empty_from_all_sources,2,2026-08-25 16:26:33
sz.300105,empty_from_all_sources,2,2026-08-25 16:26:33
sz.300106,empty_from_all_sources,2,2026-08-25 16:26:33
sz.300107,empty_from_all_sources,2,2026-08-25 16:26:33
sz.300109,empty_from_all_sources,2,2026-08-25 16:26:33
sz.300110,empty_from_all_sources,2,2026-08-25 16:26:33
sz.300111,empty_from_all_sources,2,2026-08-25 16:26:33
sz.300112,empty_from_all_sources,2,2026-08-25 16:26:33
sz.300113,empty_from_all_sources,2,2026-08-25 16:26:33
sz.300115,empty_from_all_sources,2,2026-08-25 16:26:33
sz.300118,empty_from_all_sources,2,2026-08-25 16:26:33
sz.300119,empty_from_all_sources,2,2026-08-25 16:26:33
sz.300120,empty_from_all_sources,2,2026-08-25 16:26:33
sz.300121,empty_from_all_sources,2,2026-08-25 16:26:33
sz.300122,empty_from_all_sources,2,2026-08-25 16:26:33
sz.300123,empty_from_all_sources,2,2026-08-25 16:26:33
sz.300124,empty_from_all_sources,2,2026-08-25 16:26:33
sz.300125,empty_from_all_sources,2,2026-08-25 16:26:33
sz.300126,empty_from_all_sources,2,2026-08-25 16:26:33
sz.300127,empty_from_all_sources,2,2026-08-25 16:26:33
sz.300128,empty_from_all_sources,2,2026-08-25 16:26:33
sz.300129,empty_from_all_sources,2,2026-08-25 16:26:33
sz.300130,empty_from_all_sources,2,2026-08-25 16:26:33
sz.300131,empty_from_all_sources,2,2026-08-25 16:26:33
sz.300132,empty_from_all_sources,2,2026-08-25 16:26:33
sz.300133,empty_from_all_sources,2,2026-08-25 16:26:33
sz.300134,empty_from_all_sources,2,2026-08-25 16:26:33
sz.300135,empty_from_all_sources,2,2026-08-25 16:26:33
sz.300136,empty_from_all_sources,2,2026-08-25 16:26:33
sz.300137,empty_from_all_sources,2,2026-08-25 16:26:33
sz.300138,empty_from_all_sources,2,2026-08-25 16:26:33
sz.300140,empty_from_all_sources,2,2026-08-25 16:26:33
sz.300141,empty_from_all_sources,2,2026-08-25 16:26:33
sz.300143,empty_from_all_sources,2,2026-08-25 16:26:33
sz.300144,empty_from_all_sources,2,2026-08-25 16:26:33
sz.300145,empty_from_all_sources,2,2026-08-25 16:26:33
sz.300146,empty_from_all_sources,2,2026-08-25 16:26:33
sz.300147,empty_from_all_sources,2,2026-08-25 16:26:33
sz.300148,empty_from_all_sources,2,2026-08-25 16:26:33
sz.300149,empty_from_all_sources,2,2026-08-25 16:26:33
sz.300150,empty_from_all_sources,2,2026-08-25 16:26:33
sz.300151,empty_from_all_sources,2,2026-08-25 16:26:33
sz.300152,empty_from_all_sources,2,2026-08-25 16:26:33
sz.300153,empty_from_all_sources,2,2026-08-25 16:26:33
sz.300154,empty_from_all_sources,2,2026-08-25 16:26:33
sz.300155,empty_from_all_sources,2,2026-08-25 16:26:33
sz.300157,empty_from_all_sources,2,2026-08-25 16:26:33
sz.300158,empty_from_all_sources,2,2026-08-25 16:26:33
sz.300159,empty_from_all_sources,2,2026-08-25 16:26:33
sz.300160,empty_from_all_sources,2,2026-08-25 16:26:33
sz.300161,empty_from_all_sources,2,2026-08-25 16:26:33
sz.300162,empty_from_all_sources,2,2026-08-25 16:26:33
sz.300163,empty_from_all_sources,2,2026-08-25 16:26:33
sz.300164,empty_from_all_sources,2,2026-08-25 16:26:33
sz.300165,empty_from_all_sources,2,2026-08-25 16:26:33
sz.300166,empty_from_all_sources,2,2026-08-25 16:26:33
sz.300167,empty_from_all_sources,2,2026-08-25 16:26:33
sz.300168,empty_from_all_sources,2,2026-08-25 16:26:33
sz.300169,empty_from_all_sources,2,2026-08-25 16:26:33
sz.300170,empty_from_all_sources,2,2026-08-25 16:26:33
sz.300171,empty_from_all_sources,2,2026-08-25 16:26:33
sz.300172,empty_from_all_sources,2,2026-08-25 16:26:33
sz.300173,empty_from_all_sources,2,2026-08-25 16:26:33
sz.300174,empty_from_all_sources,2,2026-08-25 16:26:33
sz.300175,empty_from_all_sources,2,2026-08-25 16:26:33
sz.300176,empty_from_all_sources,2,2026-08-25 16:26:33
sz.300177,empty_from_all_sources,2,2026-08-25 16:26:33
sz.300179,empty_from_all_sources,2,2026-08-25 16:26:33
sz.300180,empty_from_all_sources,2,2026-08-25 16:26:33
sz.300181,empty_from_all_sources,2,2026-08-25 16:26:33
sz.300182,empty_from_all_sources,2,2026-08-25 16:26:33
sz.300183,empty_from_all_sources,2,2026-08-25 16:26:33
sz.300184,empty_from_all_sources,2,2026-08-25 16:26:33
sz.300185,empty_from_all_sources,2,2026-08-25 16:26:33
sz.300187,empty_from_all_sources,2,2026-08-25 16:26:33
sz.300188,empty_from_all_sources,2,2026-08-25 16:26:33
sz.300189,empty_from_all_sources,2,2026-08-25 16:26:33
sz.300190,empty_from_all_sources,2,2026-08-25 16:26:33
sz.300191,empty_from_all_sources,2,2026-08-25 16:26:33
sz.300192,empty_from_all_sources,2,2026-08-25 16:26:33
sz.300193,empty_from_all_sources,2,2026-08-25 16:26:33
sz.300194,empty_from_all_sources,2,2026-08-25 16:26:33
sz.300195,empty_from_all_sources,2,2026-08-25 16:26:33
sz.300196,empty_from_all_sources,2,2026-08-25 16:26:33
sz.300197,empty_from_all_sources,2,2026-08-25 16:26:33
sz.300198,empty_from_all_sources,2,2026-08-25 16:26:33
sz.300199,empty_from_all_sources,2,2026-08-25 16:26:33
sz.300200,empty_from_all_sources,2,2026-08-25 16:26:33
sz.300201,empty_from_all_sources,2,2026-08-25 16:26:33
sz.300203,empty_from_all_sources,2,2026-08-25 16:26:33
sz.300204,empty_from_all_sources,2,2026-08-25 16:26:33
sz.300205,empty_from_all_sources,2,2026-08-25 16:26:33
sz.300206,empty_from_all_sources,2,2026-08-25 16:26:33
sz.300207,empty_from_all_sources,2,2026-08-25 16:26:33
sz.300210,empty_from_all_sources,2,2026-08-25 16:26:33
sz.300211,empty_from_all_sources,2,2026-08-25 16:26:33
sz.300212,empty_from_all_sources,2,2026-08-25 16:26:33
sz.300213,empty_from_all_sources,2,2026-08-25 16:26:33
sz.300214,empty_from_all_sources,2,2026-08-25 16:26:33
sz.300215,empty_from_all_sources,2,2026-08-25 16:26:33
sz.300217,empty_from_all_sources,2,2026-08-25 16:26:33
sz.300218,empty_from_all_sources,2,2026-08-25 16:26:33
sz.300219,empty_from_all_sources,2,2026-08-25 16:26:33
sz.300220,empty_from_all_sources,2,2026-08-25 16:26:33
sz.300221,empty_from_all_sources,2,2026-08-25 16:26:33
sz.300222,empty_from_all_sources,2,2026-08-25 16:26:33
sz.300224,empty_from_all_sources,2,2026-08-25 16:26:33
sz.300225,empty_from_all_sources,2,2026-08-25 16:26:33
sz.300226,empty_from_all_sources,2,2026-08-25 16:26:33
sz.300227,empty_from_all_sources,2,2026-08-25 16:26:33
sz.300228,empty_from_all_sources,2,2026-08-25 16:26:33
sz.300229,empty_from_all_sources,2,2026-08-25 16:26:33
sz.300230,empty_from_all_sources,2,2026-08-25 16:26:34
sz.300231,empty_from_all_sources,2,2026-08-25 16:26:34
sz.300232,empty_from_all_sources,2,2026-08-25 16:26:34
sz.300233,empty_from_all_sources,2,2026-08-25 16:26:34
sz.300234,empty_from_all_sources,2,2026-08-25 16:26:34
sz.300235,empty_from_all_sources,2,2026-08-25 16:26:34
sz.300237,empty_from_all_sources,2,2026-08-25 16:26:34
sz.300238,empty_from_all_sources,2,2026-08-25 16:26:34
sz.300239,empty_from_all_sources,2,2026-08-25 16:26:34
sz.300240,empty_from_all_sources,2,2026-08-25 16:26:34
sz.300241,empty_from_all_sources,2,2026-08-25 16:26:34
sz.300242,empty_from_all_sources,2,2026-08-25 16:26:34
sz.300243,empty_from_all_sources,2,2026-08-25 16:26:34
sz.300244,empty_from_all_sources,2,2026-08-25 16:26:34
sz.300245,empty_from_all_sources,2,2026-08-25 16:26:34
sz.300246,empty_from_all_sources,2,2026-08-25 16:26:34
sz.300247,empty_from_all_sources,2,2026-08-25 16:26:34
sz.300248,empty_from_all_sources,2,2026-08-25 16:26:34
sz.300249,empty_from_all_sources,2,2026-08-25 16:26:34
sz.300250,empty_from_all_sources,2,2026-08-25 16:26:34
sz.300251,empty_from_all_sources,2,2026-08-25 16:26:34
sz.300252,empty_from_all_sources,2,2026-08-25 16:26:34
sz.300253,empty_from_all_sources,2,2026-08-25 16:26:34
sz.300254,empty_from_all_sources,2,2026-08-25 16:26:34
sz.300255,empty_from_all_sources,2,2026-08-25 16:26:34
sz.300256,empty_from_all_sources,2,2026-08-25 16:26:34
sz.300257,empty_from_all_sources,2,2026-08-25 16:26:34
sz.300258,empty_from_all_sources,2,2026-08-25 16:26:34
sz.300259,empty_from_all_sources,2,2026-08-25 16:26:34
sz.300261,empty_from_all_sources,2,2026-08-25 16:26:34
sz.300263,empty_from_all_sources,2,2026-08-25 16:26:34
sz.300264,empty_from_all_sources,2,2026-08-25 16:26:34
sz.300265,empty_from_all_sources,2,2026-08-25 16:26:34
sz.300266,empty_from_all_sources,2,2026-08-25 16:26:34
sz.300267,empty_from_all_sources,2,2026-08-25 16:26:34
sz.300268,empty_from_all_sources,2,2026-08-25 16:26:34
sz.300269,empty_from_all_sources,2,2026-08-25 16:26:34
sz.300270,empty_from_all_sources,2,2026-08-25 16:26:34
sz.300271,empty_from_all_sources,2,2026-08-25 16:26:34
sz.300272,empty_from_all_sources,2,2026-08-25 16:26:34
sz.300275,empty_from_all_sources,2,2026-08-25 16:26:34
sz.300276,empty_from_all_sources,2,2026-08-25 16:26:34
sz.300277,empty_from_all_sources,2,2026-08-25 16:26:34
sz.300278,empty_from_all_sources,2,2026-08-25 16:26:34
sz.300279,empty_from_all_sources,2,2026-08-25 16:26:34
sz.300281,empty_from_all_sources,2,2026-08-25 16:26:34
sz.300283,empty_from_all_sources,2,2026-08-25 16:26:34
sz.300284,empty_from_all_sources,2,2026-08-25 16:26:34
sz.300286,empty_from_all_sources,2,2026-08-25 16:26:34
sz.300287,empty_from_all_sources,2,2026-08-25 16:26:34
sz.300288,empty_from_all_sources,2,2026-08-25 16:26:34
sz.300289,empty_from_all_sources,2,2026-08-25 16:26:34
sz.300290,empty_from_all_sources,2,2026-08-25 16:26:34
sz.300308,empty_from_all_sources,2,2026-08-25 16:26:34
sz.300319,empty_from_all_sources,2,2026-08-25 16:26:34
sz.300346,empty_from_all_sources,2,2026-08-25 16:26:34
sz.300373,empty_from_all_sources,2,2026-08-25 16:26:34
sz.300390,empty_from_all_sources,2,2026-08-25 16:26:34
sz.300394,empty_from_all_sources,2,2026-08-25 16:26:34
sz.300398,empty_from_all_sources,2,2026-08-25 16:26:34
sz.300404,empty_from_all_sources,2,2026-08-25 16:26:35
sz.300408,empty_from_all_sources,2,2026-08-25 16:26:35
sz.300418,empty_from_all_sources,2,2026-08-25 16:26:35
sz.300433,empty_from_all_sources,2,2026-08-25 16:26:35
sz.300454,empty_from_all_sources,2,2026-08-25 16:26:35
sz.300475,empty_from_all_sources,2,2026-08-25 16:26:35
sz.300476,empty_from_all_sources,2,2026-08-25 16:26:35
sz.300489,empty_from_all_sources,2,2026-08-25 16:26:35
sz.300502,empty_from_all_sources,2,2026-08-25 16:26:35
sz.300503,empty_from_all_sources,2,2026-08-25 16:26:35
sz.300548,empty_from_all_sources,2,2026-08-25 16:44:30
sz.300560,empty_from_all_sources,2,2026-08-25 16:44:30
sz.300561,empty_from_all_sources,2,2026-08-25 16:44:30
sz.300562,empty_from_all_sources,2,2026-08-25 16:44:30
sz.300563,empty_from_all_sources,2,2026-08-25 16:44:30
sz.300564,empty_from_all_sources,2,2026-08-25 16:44:30
sz.300565,empty_from_all_sources,2,2026-08-25 16:44:30
sz.300566,empty_from_all_sources,2,2026-08-25 16:44:30
sz.300568,empty_from_all_sources,2,2026-08-25 16:44:30
sz.300569,empty_from_all_sources,2,2026-08-25 16:44:30
sz.300571,empty_from_all_sources,2,2026-08-25 16:44:30
sz.300572,empty_from_all_sources,2,2026-08-25 16:44:30
sz.300573,empty_from_all_sources,2,2026-08-25 16:44:30
sz.300575,empty_from_all_sources,2,2026-08-25 16:44:30
sz.300576,empty_from_all_sources,2,2026-08-25 16:44:30
sz.300577,empty_from_all_sources,2,2026-08-25 16:44:30
sz.300578,empty_from_all_sources,2,2026-08-25 16:44:30
sz.300579,empty_from_all_sources,2,2026-08-25 16:44:30
sz.300580,empty_from_all_sources,2,2026-08-25 16:44:30
sz.300581,empty_from_all_sources,2,2026-08-25 16:44:30
sz.300582,empty_from_all_sources,2,2026-08-25 16:44:30
sz.300583,empty_from_all_sources,2,2026-08-25 16:44:30
sz.300584,empty_from_all_sources,2,2026-08-25 16:44:30
sz.300585,empty_from_all_sources,2,2026-08-25 16:44:30
sz.300586,empty_from_all_sources,2,2026-08-25 16:44:30
sz.300587,empty_from_all_sources,2,2026-08-25 16:44:30
sz.300588,empty_from_all_sources,2,2026-08-25 16:44:30
sz.300589,empty_from_all_sources,2,2026-08-25 16:44:30
sz.300590,empty_from_all_sources,2,2026-08-25 16:44:30
sz.300591,empty_from_all_sources,2,2026-08-25 16:44:30
sz.300592,empty_from_all_sources,2,2026-08-25 16:44:30
sz.300593,empty_from_all_sources,2,2026-08-25 16:44:30
sz.300594,empty_from_all_sources,2,2026-08-25 16:44:30
sz.300595,empty_from_all_sources,2,2026-08-25 16:44:30
sz.300596,empty_from_all_sources,2,2026-08-25 16:44:30
sz.300597,empty_from_all_sources,2,2026-08-25 16:44:30
sz.300598,empty_from_all_sources,2,2026-08-25 16:44:30
sz.300599,empty_from_all_sources,2,2026-08-25 16:44:30
sz.300600,empty_from_all_sources,2,2026-08-25 16:44:30
sz.300601,empty_from_all_sources,2,2026-08-25 16:44:30
sz.300602,empty_from_all_sources,2,2026-08-25 16:44:30
sz.300603,empty_from_all_sources,2,2026-08-25 16:44:30
sz.300605,empty_from_all_sources,2,2026-08-25 16:44:30
sz.300606,empty_from_all_sources,2,2026-08-25 16:44:30
sz.300608,empty_from_all_sources,2,2026-08-25 16:44:30
sz.300609,empty_from_all_sources,2,2026-08-25 16:44:30
sz.300610,empty_from_all_sources,2,2026-08-25 16:44:30
sz.300611,empty_from_all_sources,2,2026-08-25 16:44:30
sz.300612,empty_from_all_sources,2,2026-08-25 16:44:30
sz.300613,empty_from_all_sources,2,2026-08-25 16:44:30
sz.300614,empty_from_all_sources,2,2026-08-25 16:44:30
sz.300616,empty_from_all_sources,2,2026-08-25 16:44:30
sz.300617,empty_from_all_sources,2,2026-08-25 16:44:30
sz.300618,empty_from_all_sources,2,2026-08-25 16:44:30
sz.300619,empty_from_all_sources,2,2026-08-25 16:44:30
sz.300621,empty_from_all_sources,2,2026-08-25 16:44:30
sz.300622,empty_from_all_sources,2,2026-08-25 16:44:30
sz.300623,empty_from_all_sources,2,2026-08-25 16:44:30
sz.300624,empty_from_all_sources,2,2026-08-25 16:44:30
sz.300625,empty_from_all_sources,2,2026-08-25 16:44:30
sz.300626,empty_from_all_sources,2,2026-08-25 16:44:30
sz.300627,empty_from_all_sources,2,2026-08-25 16:44:30
sz.300628,empty_from_all_sources,2,2026-08-25 16:44:30
sz.300629,empty_from_all_sources,2,2026-08-25 16:44:30
sz.300631,empty_from_all_sources,2,2026-08-25 16:44:30
sz.300632,empty_from_all_sources,2,2026-08-25 16:44:30
sz.300633,empty_from_all_sources,2,2026-08-25 16:44:30
sz.300634,empty_from_all_sources,2,2026-08-25 16:44:30
sz.300635,empty_from_all_sources,2,2026-08-25 16:44:30
sz.300636,empty_from_all_sources,2,2026-08-25 16:44:30
sz.300637,empty_from_all_sources,2,2026-08-25 16:44:30
sz.300638,empty_from_all_sources,2,2026-08-25 16:44:30
sz.300639,empty_from_all_sources,2,2026-08-25 16:44:30
sz.300640,empty_from_all_sources,2,2026-08-25 16:44:30
sz.300641,empty_from_all_sources,2,2026-08-25 16:44:30
sz.300642,empty_from_all_sources,2,2026-08-25 16:44:30
sz.300643,empty_from_all_sources,2,2026-08-25 16:44:30
sz.300644,empty_from_all_sources,2,2026-08-25 16:44:30
sz.300645,empty_from_all_sources,2,2026-08-25 16:44:30
sz.300647,empty_from_all_sources,2,2026-08-25 16:44:30
sz.300648,empty_from_all_sources,2,2026-08-25 16:44:30
sz.300649,empty_from_all_sources,2,2026-08-25 16:44:30
sz.300650,empty_from_all_sources,2,2026-08-25 16:44:30
sz.300651,empty_from_all_sources,2,2026-08-25 16:44:30
sz.300652,empty_from_all_sources,2,2026-08-25 16:44:30
sz.300653,empty_from_all_sources,2,2026-08-25 16:44:30
sz.300654,empty_from_all_sources,2,2026-08-25 16:44:30
sz.300656,empty_from_all_sources,2,2026-08-25 16:44:30
sz.300657,empty_from_all_sources,2,2026-08-25 16:44:30
sz.300658,empty_from_all_sources,2,2026-08-25 16:44:30
sz.300659,empty_from_all_sources,2,2026-08-25 16:44:30
sz.300660,empty_from_all_sources,2,2026-08-25 16:44:30
sz.300661,empty_from_all_sources,2,2026-08-25 16:44:30
sz.300662,empty_from_all_sources,2,2026-08-25 16:44:30
sz.300663,empty_from_all_sources,2,2026-08-25 16:44:30
sz.300664,empty_from_all_sources,2,2026-08-25 16:44:30
sz.300665,empty_from_all_sources,2,2026-08-25 16:44:30
sz.300667,empty_from_all_sources,2,2026-08-25 16:44:30
sz.300668,empty_from_all_sources,2,2026-08-25 16:44:30
sz.300669,empty_from_all_sources,2,2026-08-25 16:44:30
sz.300670,empty_from_all_sources,2,2026-08-25 16:44:30
sz.300672,empty_from_all_sources,2,2026-08-25 16:44:30
sz.300673,empty_from_all_sources,2,2026-08-25 16:44:30
sz.300674,empty_from_all_sources,2,2026-08-25 16:44:30
sz.300675,empty_from_all_sources,2,2026-08-25 16:44:30
sz.300676,empty_from_all_sources,2,2026-08-25 16:44:30
sz.300677,empty_from_all_sources,2,2026-08-25 16:44:30
sz.300678,empty_from_all_sources,2,2026-08-25 16:44:30
sz.300679,empty_from_all_sources,2,2026-08-25 16:44:30
sz.300680,empty_from_all_sources,2,2026-08-25 16:44:31
sz.300681,empty_from_all_sources,2,2026-08-25 16:44:31
sz.300682,empty_from_all_sources,2,2026-08-25 16:44:31
sz.300683,empty_from_all_sources,2,2026-08-25 16:44:31
sz.300685,empty_from_all_sources,2,2026-08-25 16:44:31
sz.300686,empty_from_all_sources,2,2026-08-25 16:44:31
sz.300687,empty_from_all_sources,2,2026-08-25 16:44:31
sz.300688,empty_from_all_sources,2,2026-08-25 16:44:31
sz.300689,empty_from_all_sources,2,2026-08-25 16:44:31
sz.300690,empty_from_all_sources,2,2026-08-25 16:44:31
sz.300691,empty_from_all_sources,2,2026-08-25 16:44:31
sz.300692,empty_from_all_sources,2,2026-08-25 16:44:31
sz.300693,empty_from_all_sources,2,2026-08-25 16:44:31
sz.300694,empty_from_all_sources,2,2026-08-25 16:44:31
sz.300695,empty_from_all_sources,2,2026-08-25 16:44:31
sz.300696,empty_from_all_sources,2,2026-08-25 16:44:31
sz.300697,empty_from_all_sources,2,2026-08-25 16:44:31
sz.300698,empty_from_all_sources,2,2026-08-25 16:44:31
sz.300699,empty_from_all_sources,2,2026-08-25 16:44:31
sz.300700,empty_from_all_sources,2,2026-08-25 16:44:31
sz.300701,empty_from_all_sources,2,2026-08-25 16:44:31
sz.300702,empty_from_all_sources,2,2026-08-25 16:44:31
sz.300703,empty_from_all_sources,2,2026-08-25 16:44:31
sz.300705,empty_from_all_sources,2,2026-08-25 16:44:31
sz.300707,empty_from_all_sources,2,2026-08-25 16:44:31
sz.300708,empty_from_all_sources,2,2026-08-25 16:44:31
sz.300709,empty_from_all_sources,2,2026-08-25 16:44:31
sz.300710,empty_from_all_sources,2,2026-08-25 16:44:31
sz.300711,empty_from_all_sources,2,2026-08-25 16:44:31
sz.300712,empty_from_all_sources,2,2026-08-25 16:44:31
sz.300713,empty_from_all_sources,2,2026-08-25 16:44:31
sz.300715,empty_from_all_sources,2,2026-08-25 16:44:31
sz.300716,empty_from_all_sources,2,2026-08-25 16:44:31
sz.300717,empty_from_all_sources,2,2026-08-25 16:44:31
sz.300718,empty_from_all_sources,2,2026-08-25 16:44:31
sz.300719,empty_from_all_sources,2,2026-08-25 16:44:31
sz.300720,empty_from_all_sources,2,2026-08-25 16:44:31
sz.300721,empty_from_all_sources,2,2026-08-25 16:44:31
sz.300722,empty_from_all_sources,2,2026-08-25 16:44:31
sz.300723,empty_from_all_sources,2,2026-08-25 16:44:31
sz.300724,empty_from_all_sources,2,2026-08-25 16:44:31
sz.300727,empty_from_all_sources,2,2026-08-25 16:44:31
sz.300729,empty_from_all_sources,2,2026-08-25 16:44:31
sz.300730,empty_from_all_sources,2,2026-08-25 16:44:31
sz.300731,empty_from_all_sources,2,2026-08-25 16:44:31
sz.300732,empty_from_all_sources,2,2026-08-25 16:44:31
sz.300733,empty_from_all_sources,2,2026-08-25 16:44:31
sz.300735,empty_from_all_sources,2,2026-08-25 16:44:31
sz.300736,empty_from_all_sources,2,2026-08-25 16:44:31
sz.300737,empty_from_all_sources,2,2026-08-25 16:44:31
sz.300738,empty_from_all_sources,2,2026-08-25 16:44:31
sz.300739,empty_from_all_sources,2,2026-08-25 16:44:31
sz.300740,empty_from_all_sources,2,2026-08-25 16:44:31
sz.300741,empty_from_all_sources,2,2026-08-25 16:44:31
sz.300743,empty_from_all_sources,2,2026-08-25 16:44:31
sz.300745,empty_from_all_sources,2,2026-08-25 16:44:31
sz.300746,empty_from_all_sources,2,2026-08-25 16:44:31
sz.300748,empty_from_all_sources,2,2026-08-25 16:44:31
sz.300749,empty_from_all_sources,2,2026-08-25 16:44:31
sz.300751,empty_from_all_sources,2,2026-08-25 16:44:31
sz.300752,empty_from_all_sources,2,2026-08-25 16:44:31
sz.300753,empty_from_all_sources,2,2026-08-25 16:44:31
sz.300755,empty_from_all_sources,2,2026-08-25 16:44:31
sz.300756,empty_from_all_sources,2,2026-08-25 16:44:31
sz.300757,empty_from_all_sources,2,2026-08-25 16:44:31
sz.300758,empty_from_all_sources,2,2026-08-25 16:44:31
sz.300760,empty_from_all_sources,2,2026-08-25 16:44:31
sz.300761,empty_from_all_sources,2,2026-08-25 16:44:31
sz.300762,empty_from_all_sources,2,2026-08-25 16:44:31
sz.300763,empty_from_all_sources,2,2026-08-25 16:44:31
sz.300766,empty_from_all_sources,2,2026-08-25 16:44:31
sz.300767,empty_from_all_sources,2,2026-08-25 16:44:31
sz.300768,empty_from_all_sources,2,2026-08-25 16:44:31
sz.300769,empty_from_all_sources,2,2026-08-25 16:44:31
sz.300770,empty_from_all_sources,2,2026-08-25 16:44:31
sz.300771,empty_from_all_sources,2,2026-08-25 16:44:31
sz.300772,empty_from_all_sources,2,2026-08-25 16:44:31
sz.300773,empty_from_all_sources,2,2026-08-25 16:44:31
sz.300774,empty_from_all_sources,2,2026-08-25 16:44:31
sz.300775,empty_from_all_sources,2,2026-08-25 16:44:31
sz.300776,empty_from_all_sources,2,2026-08-25 16:44:31
sz.300777,empty_from_all_sources,2,2026-08-25 16:44:31
sz.300778,empty_from_all_sources,2,2026-08-25 16:44:31
sz.300779,empty_from_all_sources,2,2026-08-25 16:44:31
sz.300780,empty_from_all_sources,2,2026-08-25 16:44:31
sz.300781,empty_from_all_sources,2,2026-08-25 16:44:31
sz.300782,empty_from_all_sources,2,2026-08-25 16:44:31
sz.300783,empty_from_all_sources,2,2026-08-25 16:44:31
sz.300784,empty_from_all_sources,2,2026-08-25 16:44:31
sz.300785,empty_from_all_sources,2,2026-08-25 16:44:31
sz.300786,empty_from_all_sources,2,2026-08-25 16:44:31
sz.300787,empty_from_all_sources,2,2026-08-25 16:44:31
sz.300788,empty_from_all_sources,2,2026-08-25 16:44:31
sz.300789,empty_from_all_sources,2,2026-08-25 16:44:31
sz.300790,empty_from_all_sources,2,2026-08-25 16:44:31
sz.300791,empty_from_all_sources,2,2026-08-25 16:44:31
sz.300792,empty_from_all_sources,2,2026-08-25 16:44:31
sz.300793,empty_from_all_sources,2,2026-08-25 16:44:31
sz.300796,empty_from_all_sources,2,2026-08-25 16:44:31
sz.300797,empty_from_all_sources,2,2026-08-25 16:44:31
sz.300798,empty_from_all_sources,2,2026-08-25 16:44:31
sz.300800,empty_from_all_sources,2,2026-08-25 16:44:31
sz.300801,empty_from_all_sources,2,2026-08-25 16:44:31
sz.300802,empty_from_all_sources,2,2026-08-25 16:44:31
sz.300803,empty_from_all_sources,2,2026-08-25 16:44:31
sz.300804,empty_from_all_sources,2,2026-08-25 16:44:31
sz.300805,empty_from_all_sources,2,2026-08-25 16:44:31
sz.300807,empty_from_all_sources,2,2026-08-25 16:44:31
sz.300808,empty_from_all_sources,2,2026-08-25 16:44:31
sz.300809,empty_from_all_sources,2,2026-08-25 16:44:31
sz.300810,empty_from_all_sources,2,2026-08-25 16:44:32
sz.300811,empty_from_all_sources,2,2026-08-25 16:44:32
sz.300812,empty_from_all_sources,2,2026-08-25 16:44:32
sz.300813,empty_from_all_sources,2,2026-08-25 16:44:32
sz.300814,empty_from_all_sources,2,2026-08-25 16:44:32
sz.300815,empty_from_all_sources,2,2026-08-25 16:44:32
sz.300816,empty_from_all_sources,2,2026-08-25 16:44:32
sz.300817,empty_from_all_sources,2,2026-08-25 16:44:32
sz.300818,empty_from_all_sources,2,2026-08-25 16:44:32
sz.300819,empty_from_all_sources,2,2026-08-25 16:44:32
sz.300820,empty_from_all_sources,2,2026-08-25 16:44:32
sz.300822,empty_from_all_sources,2,2026-08-25 16:44:32
sz.300823,empty_from_all_sources,2,2026-08-25 16:44:32
sz.300824,empty_from_all_sources,2,2026-08-25 16:44:32
sz.300825,empty_from_all_sources,2,2026-08-25 16:44:32
sz.300826,empty_from_all_sources,2,2026-08-25 16:44:32
sz.300827,empty_from_all_sources,2,2026-08-25 16:44:32
sz.300828,empty_from_all_sources,2,2026-08-25 16:44:32
sz.300829,empty_from_all_sources,2,2026-08-25 16:44:32
sz.300830,empty_from_all_sources,2,2026-08-25 16:44:32
sz.300831,empty_from_all_sources,2,2026-08-25 16:44:32
sz.300832,empty_from_all_sources,2,2026-08-25 16:44:32
sz.300833,empty_from_all_sources,2,2026-08-25 16:44:32
sz.300834,empty_from_all_sources,2,2026-08-25 16:44:32
sz.300835,empty_from_all_sources,2,2026-08-25 16:44:32
sz.300836,empty_from_all_sources,2,2026-08-25 16:44:32
sz.300837,empty_from_all_sources,2,2026-08-25 16:44:32
sz.300838,empty_from_all_sources,2,2026-08-25 16:44:32
sz.300839,empty_from_all_sources,2,2026-08-25 16:44:32
sz.300840,empty_from_all_sources,2,2026-08-25 16:44:32
sz.300841,empty_from_all_sources,2,2026-08-25 16:44:32
sz.300842,empty_from_all_sources,2,2026-08-25 16:44:32
sz.300843,empty_from_all_sources,2,2026-08-25 16:44:32
sz.300844,empty_from_all_sources,2,2026-08-25 16:44:32
sz.300845,empty_from_all_sources,2,2026-08-25 16:44:32
sz.300846,empty_from_all_sources,2,2026-08-25 16:44:32
sz.300847,empty_from_all_sources,2,2026-08-25 16:44:32
sz.300848,empty_from_all_sources,2,2026-08-25 16:44:32
sz.300849,empty_from_all_sources,2,2026-08-25 16:44:32
sz.300850,empty_from_all_sources,2,2026-08-25 16:44:32
sz.300851,empty_from_all_sources,2,2026-08-25 16:44:32
sz.300852,empty_from_all_sources,2,2026-08-25 16:44:32
sz.300853,empty_from_all_sources,2,2026-08-25 16:44:32
sz.300854,empty_from_all_sources,2,2026-08-25 16:44:32
sz.300855,empty_from_all_sources,2,2026-08-25 16:44:32
sz.300856,empty_from_all_sources,2,2026-08-25 16:44:32
sz.300858,empty_from_all_sources,2,2026-08-25 16:44:32
sz.300859,empty_from_all_sources,2,2026-08-25 16:44:32
sz.300860,empty_from_all_sources,2,2026-08-25 16:44:32
sz.300861,empty_from_all_sources,2,2026-08-25 16:44:32
sz.300863,empty_from_all_sources,2,2026-08-25 16:44:32
sz.300864,empty_from_all_sources,2,2026-08-25 16:44:32
sz.300865,empty_from_all_sources,2,2026-08-25 16:44:32
sz.300866,empty_from_all_sources,2,2026-08-25 16:44:32
sz.300867,empty_from_all_sources,2,2026-08-25 16:44:32
sz.300868,empty_from_all_sources,2,2026-08-25 16:44:32
sz.300869,empty_from_all_sources,2,2026-08-25 16:44:32
sz.300871,empty_from_all_sources,2,2026-08-25 16:44:32
sz.300872,empty_from_all_sources,2,2026-08-25 16:44:32
sz.300873,empty_from_all_sources,2,2026-08-25 16:44:32
sz.300875,empty_from_all_sources,2,2026-08-25 16:44:32
sz.300876,empty_from_all_sources,2,2026-08-25 16:44:32
sz.300877,empty_from_all_sources,2,2026-08-25 16:44:32
sz.300878,empty_from_all_sources,2,2026-08-25 16:44:32
sz.300879,empty_from_all_sources,2,2026-08-25 16:44:32
sz.300880,empty_from_all_sources,2,2026-08-25 16:44:32
sz.300881,empty_from_all_sources,2,2026-08-25 16:44:32
sz.300882,empty_from_all_sources,2,2026-08-25 16:44:32
sz.300883,empty_from_all_sources,2,2026-08-25 16:44:32
sz.300884,empty_from_all_sources,2,2026-08-25 16:44:32
sz.300885,empty_from_all_sources,2,2026-08-25 16:44:32
sz.300886,empty_from_all_sources,2,2026-08-25 16:44:32
sz.300887,empty_from_all_sources,2,2026-08-25 16:44:32
sz.300888,empty_from_all_sources,2,2026-08-25 16:44:32
sz.300889,empty_from_all_sources,2,2026-08-25 16:44:32
sz.300890,empty_from_all_sources,2,2026-08-25 16:44:32
sz.300891,empty_from_all_sources,2,2026-08-25 16:44:32
sz.300892,empty_from_all_sources,2,2026-08-25 16:44:32
sz.300893,empty_from_all_sources,2,2026-08-25 16:44:32
sz.300894,empty_from_all_sources,2,2026-08-25 16:44:32
sz.300895,empty_from_all_sources,2,2026-08-25 16:44:32
sz.300896,empty_from_all_sources,2,2026-08-25 16:44:32
sz.300897,empty_from_all_sources,2,2026-08-25 16:44:32
sz.300898,empty_from_all_sources,2,2026-08-25 16:44:32
sz.300899,empty_from_all_sources,2,2026-08-25 16:44:32
sz.300900,empty_from_all_sources,2,2026-08-25 16:44:32
sz.300901,empty_from_all_sources,2,2026-08-25 16:44:32
sz.300902,empty_from_all_sources,2,2026-08-25 16:44:32
sz.300904,empty_from_all_sources,2,2026-08-25 16:44:32
sz.300905,empty_from_all_sources,2,2026-08-25 16:44:32
sz.300906,empty_from_all_sources,2,2026-08-25 16:44:32
sz.300907,empty_from_all_sources,2,2026-08-25 16:44:32
sz.300908,empty_from_all_sources,2,2026-08-25 16:44:32
sz.300909,empty_from_all_sources,2,2026-08-25 16:44:32
sz.300910,empty_from_all_sources,2,2026-08-25 16:44:32
sz.300911,empty_from_all_sources,2,2026-08-25 16:44:32
sz.300912,empty_from_all_sources,2,2026-08-25 16:44:32
sz.300913,empty_from_all_sources,2,2026-08-25 16:44:32
sz.300915,empty_from_all_sources,2,2026-08-25 16:44:32
sz.300916,empty_from_all_sources,2,2026-08-25 16:44:32
sz.300917,empty_from_all_sources,2,2026-08-25 16:44:32
sz.300918,empty_from_all_sources,2,2026-08-25 16:44:32
sz.300919,empty_from_all_sources,2,2026-08-25 16:44:32
sz.300920,empty_from_all_sources,2,2026-08-25 16:44:32
sz.300921,empty_from_all_sources,2,2026-08-25 16:44:32
sz.300922,empty_from_all_sources,2,2026-08-25 16:44:32
sz.300923,empty_from_all_sources,2,2026-08-25 16:44:32
sz.300925,empty_from_all_sources,2,2026-08-25 16:44:32
sz.300926,empty_from_all_sources,2,2026-08-25 16:44:32
sz.300927,empty_from_all_sources,2,2026-08-25 16:44:32
sz.300928,empty_from_all_sources,2,2026-08-25 16:44:32
sz.300930,empty_from_all_sources,2,2026-08-25 16:44:32
sz.300931,empty_from_all_sources,2,2026-08-25 16:44:33
sz.300932,empty_from_all_sources,2,2026-08-25 16:44:33
sz.300933,empty_from_all_sources,2,2026-08-25 16:44:33
sz.300935,empty_from_all_sources,2,2026-08-25 16:44:33
sz.300936,empty_from_all_sources,2,2026-08-25 16:44:33
sz.300937,empty_from_all_sources,2,2026-08-25 16:44:33
sz.300938,empty_from_all_sources,2,2026-08-25 16:44:33
sz.300939,empty_from_all_sources,2,2026-08-25 16:44:33
sz.300940,empty_from_all_sources,2,2026-08-25 16:44:33
sz.300941,empty_from_all_sources,2,2026-08-25 16:44:33
sz.300942,empty_from_all_sources,2,2026-08-25 16:44:33
sz.300943,empty_from_all_sources,2,2026-08-25 16:44:33
sz.300945,empty_from_all_sources,2,2026-08-25 16:44:33
sz.300946,empty_from_all_sources,2,2026-08-25 16:44:33
sz.300947,empty_from_all_sources,2,2026-08-25 16:44:33
sz.300948,empty_from_all_sources,2,2026-08-25 16:44:33
sz.300949,empty_from_all_sources,2,2026-08-25 16:44:33
sz.300950,empty_from_all_sources,2,2026-08-25 16:44:33
sz.300951,empty_from_all_sources,2,2026-08-25 16:44:33
sz.300952,empty_from_all_sources,2,2026-08-25 16:44:33
sz.300953,empty_from_all_sources,2,2026-08-25 16:44:33
sz.300955,empty_from_all_sources,2,2026-08-25 16:44:33
sz.300956,empty_from_all_sources,2,2026-08-25 16:44:33
sz.300957,empty_from_all_sources,2,2026-08-25 16:44:33
sz.300958,empty_from_all_sources,2,2026-08-25 16:44:33
sz.300959,empty_from_all_sources,2,2026-08-25 16:44:33
sz.300960,empty_from_all_sources,2,2026-08-25 16:44:33
sz.300961,empty_from_all_sources,2,2026-08-25 16:44:33
sz.300962,empty_from_all_sources,2,2026-08-25 16:44:33
sz.300963,empty_from_all_sources,2,2026-08-25 16:44:33
sz.300964,empty_from_all_sources,2,2026-08-25 16:44:33
sz.300965,empty_from_all_sources,2,2026-08-25 16:44:33
sz.300966,empty_from_all_sources,2,2026-08-25 16:44:33
sz.300967,empty_from_all_sources,2,2026-08-25 16:44:33
sz.300968,empty_from_all_sources,2,2026-08-25 16:44:33
sz.300969,empty_from_all_sources,2,2026-08-25 16:44:33
sz.300970,empty_from_all_sources,2,2026-08-25 16:44:33
sz.300971,empty_from_all_sources,2,2026-08-25 16:44:33
sz.300972,empty_from_all_sources,2,2026-08-25 16:44:33
sz.300973,empty_from_all_sources,2,2026-08-25 16:44:33
sz.300976,empty_from_all_sources,2,2026-08-25 16:44:33
sz.300977,empty_from_all_sources,2,2026-08-25 16:44:33
sz.300978,empty_from_all_sources,2,2026-08-25 16:44:33
sz.300979,empty_from_all_sources,2,2026-08-25 16:44:33
sz.300980,empty_from_all_sources,2,2026-08-25 16:44:33
sz.300981,empty_from_all_sources,2,2026-08-25 16:44:33
sz.300982,empty_from_all_sources,2,2026-08-25 16:44:33
sz.300983,empty_from_all_sources,2,2026-08-25 16:44:33
sz.300984,empty_from_all_sources,2,2026-08-25 16:44:33
sz.300985,empty_from_all_sources,2,2026-08-25 16:44:33
sz.300986,empty_from_all_sources,2,2026-08-25 16:44:33
sz.300987,empty_from_all_sources,2,2026-08-25 16:44:33
sz.300988,empty_from_all_sources,2,2026-08-25 16:44:33
sz.300989,empty_from_all_sources,2,2026-08-25 16:44:33
sz.300990,empty_from_all_sources,2,2026-08-25 16:44:33
sz.300991,empty_from_all_sources,2,2026-08-25 16:44:33
sz.300992,empty_from_all_sources,2,2026-08-25 16:44:33
sz.300993,empty_from_all_sources,2,2026-08-25 16:44:33
sz.300994,empty_from_all_sources,2,2026-08-25 16:44:33
sz.300995,empty_from_all_sources,2,2026-08-25 16:44:33
sz.300997,empty_from_all_sources,2,2026-08-25 16:44:33
sz.300998,empty_from_all_sources,2,2026-08-25 16:44:33
sz.300999,empty_from_all_sources,2,2026-08-25 16:44:33
sz.301000,empty_from_all_sources,2,2026-08-25 16:44:33
sz.301001,empty_from_all_sources,2,2026-08-25 16:44:33
sz.301002,empty_from_all_sources,2,2026-08-25 16:44:33
sz.301003,empty_from_all_sources,2,2026-08-25 16:44:33
sz.301004,empty_from_all_sources,2,2026-08-25 16:44:33
sz.301005,empty_from_all_sources,2,2026-08-25 16:44:33
sz.301006,empty_from_all_sources,2,2026-08-25 16:44:33
sz.301007,empty_from_all_sources,2,2026-08-25 16:44:33
sz.301008,empty_from_all_sources,2,2026-08-25 16:44:33
sz.301009,empty_from_all_sources,2,2026-08-25 16:44:33
sz.301010,empty_from_all_sources,2,2026-08-25 16:44:33
sz.301011,empty_from_all_sources,2,2026-08-25 16:44:33
sz.301012,empty_from_all_sources,2,2026-08-25 16:44:33
sz.301015,empty_from_all_sources,2,2026-08-25 16:44:33
sz.301016,empty_from_all_sources,2,2026-08-25 16:44:33
sz.301017,empty_from_all_sources,2,2026-08-25 16:44:33
sz.301018,empty_from_all_sources,2,2026-08-25 16:44:33
sz.301019,empty_from_all_sources,2,2026-08-25 16:44:33
sz.301020,empty_from_all_sources,2,2026-08-25 16:44:33
sz.301021,empty_from_all_sources,2,2026-08-25 16:44:33
sz.301022,empty_from_all_sources,2,2026-08-25 16:44:33
sz.301023,empty_from_all_sources,2,2026-08-25 16:44:33
sz.301024,empty_from_all_sources,2,2026-08-25 16:44:33
sz.301025,empty_from_all_sources,2,2026-08-25 16:44:33
sz.301026,empty_from_all_sources,2,2026-08-25 16:44:33
sz.301027,empty_from_all_sources,2,2026-08-25 16:44:33
sz.301028,empty_from_all_sources,2,2026-08-25 16:44:33
sz.301029,empty_from_all_sources,2,2026-08-25 16:44:33
sz.301030,empty_from_all_sources,2,2026-08-25 16:44:33
sz.301031,empty_from_all_sources,2,2026-08-25 16:44:33
sz.301032,empty_from_all_sources,2,2026-08-25 16:44:33
sz.301033,empty_from_all_sources,2,2026-08-25 16:44:33
sz.301035,empty_from_all_sources,2,2026-08-25 16:44:33
sz.301036,empty_from_all_sources,2,2026-08-25 16:44:33
sz.301037,empty_from_all_sources,2,2026-08-25 16:44:33
sz.301038,empty_from_all_sources,2,2026-08-25 16:44:33
sz.301039,empty_from_all_sources,2,2026-08-25 16:44:33
sz.301040,empty_from_all_sources,2,2026-08-25 16:44:33
sz.301041,empty_from_all_sources,2,2026-08-25 16:44:33
sz.301042,empty_from_all_sources,2,2026-08-25 16:44:33
sz.301043,empty_from_all_sources,2,2026-08-25 16:44:33
sz.301045,empty_from_all_sources,2,2026-08-25 16:44:33
sz.301046,empty_from_all_sources,2,2026-08-25 16:44:33
sz.301047,empty_from_all_sources,2,2026-08-25 16:44:33
sz.301048,empty_from_all_sources,2,2026-08-25 16:44:33
sz.301049,empty_from_all_sources,2,2026-08-25 16:44:33
sz.301050,empty_from_all_sources,2,2026-08-25 16:44:33
sz.301051,empty_from_all_sources,2,2026-08-25 16:44:33
sz.301052,empty_from_all_sources,2,2026-08-25 16:44:33
sz.301053,empty_from_all_sources,2,2026-08-25 16:44:33
sz.301055,empty_from_all_sources,2,2026-08-25 16:44:33
sz.301056,empty_from_all_sources,2,2026-08-25 16:44:33
sz.301057,empty_from_all_sources,2,2026-08-25 16:44:33
sz.301058,empty_from_all_sources,2,2026-08-25 16:44:33
sz.301059,empty_from_all_sources,2,2026-08-25 16:44:33
sz.301060,empty_from_all_sources,2,2026-08-25 16:44:33
sz.301061,empty_from_all_sources,2,2026-08-25 16:44:33
sz.301062,empty_from_all_sources,2,2026-08-25 16:44:33
sz.301063,empty_from_all_sources,2,2026-08-25 16:44:33
sz.301065,empty_from_all_sources,2,2026-08-25 16:44:33
sz.301066,empty_from_all_sources,2,2026-08-25 16:44:33
sz.301067,empty_from_all_sources,2,2026-08-25 16:44:33
sz.301068,empty_from_all_sources,2,2026-08-25 16:44:33
sz.301069,empty_from_all_sources,2,2026-08-25 16:44:33
sz.301070,empty_from_all_sources,2,2026-08-25 16:44:33
sz.301072,empty_from_all_sources,2,2026-08-25 16:44:34
sz.301073,empty_from_all_sources,2,2026-08-25 16:44:34
sz.301075,empty_from_all_sources,2,2026-08-25 16:44:34
sz.301076,empty_from_all_sources,2,2026-08-25 16:44:34
sz.301077,empty_from_all_sources,2,2026-08-25 16:44:34
sz.301078,empty_from_all_sources,2,2026-08-25 16:44:34
sz.301079,empty_from_all_sources,2,2026-08-25 16:44:34
sz.301081,empty_from_all_sources,2,2026-08-25 16:44:34
sz.301082,empty_from_all_sources,2,2026-08-25 16:44:34
sz.301083,empty_from_all_sources,2,2026-08-25 16:44:34
sz.301085,empty_from_all_sources,2,2026-08-25 16:44:34
sz.301086,empty_from_all_sources,2,2026-08-25 16:44:34
sz.301087,empty_from_all_sources,2,2026-08-25 16:44:34
sz.301088,empty_from_all_sources,2,2026-08-25 16:44:34
sz.301089,empty_from_all_sources,2,2026-08-25 16:44:34
sz.301090,empty_from_all_sources,2,2026-08-25 16:44:34
sz.301091,empty_from_all_sources,2,2026-08-25 16:44:34
sz.301092,empty_from_all_sources,2,2026-08-25 16:44:34
sz.301093,empty_from_all_sources,2,2026-08-25 16:44:34
sz.301096,empty_from_all_sources,2,2026-08-25 16:44:34
sz.301097,empty_from_all_sources,2,2026-08-25 16:44:34
sz.301098,empty_from_all_sources,2,2026-08-25 16:44:34
sz.301099,empty_from_all_sources,2,2026-08-25 16:44:34
sz.301100,empty_from_all_sources,2,2026-08-25 16:44:34
sz.301101,empty_from_all_sources,2,2026-08-25 16:44:34
sz.301102,empty_from_all_sources,2,2026-08-25 16:44:34
sz.301103,empty_from_all_sources,2,2026-08-25 16:44:34
sz.301105,empty_from_all_sources,2,2026-08-25 16:44:34
sz.301106,empty_from_all_sources,2,2026-08-25 16:44:34
sz.301107,empty_from_all_sources,2,2026-08-25 16:44:34
sz.301108,empty_from_all_sources,2,2026-08-25 16:44:34
sz.301109,empty_from_all_sources,2,2026-08-25 16:44:34
sz.301110,empty_from_all_sources,2,2026-08-25 16:44:34
sz.301111,empty_from_all_sources,2,2026-08-25 16:44:34
sz.301112,empty_from_all_sources,2,2026-08-25 16:44:34
sz.301113,empty_from_all_sources,2,2026-08-25 16:44:34
sz.301115,empty_from_all_sources,2,2026-08-25 16:44:34
sz.301116,empty_from_all_sources,2,2026-08-25 16:44:34
sz.301117,empty_from_all_sources,2,2026-08-25 16:44:34
sz.301118,empty_from_all_sources,2,2026-08-25 16:44:34
sz.301119,empty_from_all_sources,2,2026-08-25 16:44:34
sz.301120,empty_from_all_sources,2,2026-08-25 16:44:34
sz.301121,empty_from_all_sources,2,2026-08-25 16:44:34
sz.301122,empty_from_all_sources,2,2026-08-25 16:44:34
sz.301123,empty_from_all_sources,2,2026-08-25 16:44:34
sz.301125,empty_from_all_sources,2,2026-08-25 16:44:34
sz.301126,empty_from_all_sources,2,2026-08-25 16:44:34
sz.301127,empty_from_all_sources,2,2026-08-25 16:44:34
sz.301128,empty_from_all_sources,2,2026-08-25 16:44:34
sz.301129,empty_from_all_sources,2,2026-08-25 16:44:34
sz.301130,empty_from_all_sources,2,2026-08-25 16:44:34
sz.301131,empty_from_all_sources,2,2026-08-25 16:44:34
sz.301132,empty_from_all_sources,2,2026-08-25 16:44:34
sz.301133,empty_from_all_sources,2,2026-08-25 16:44:34
sz.301135,empty_from_all_sources,2,2026-08-25 16:44:34
sz.301136,empty_from_all_sources,2,2026-08-25 16:44:34
sz.301137,empty_from_all_sources,2,2026-08-25 16:44:34
sz.301138,empty_from_all_sources,2,2026-08-25 16:44:34
sz.301139,empty_from_all_sources,2,2026-08-25 16:44:34
sz.301141,empty_from_all_sources,2,2026-08-25 16:44:34
sz.301148,empty_from_all_sources,2,2026-08-25 16:44:34
sz.301149,empty_from_all_sources,2,2026-08-25 16:44:34
sz.301150,empty_from_all_sources,2,2026-08-25 16:44:34
sz.301151,empty_from_all_sources,2,2026-08-25 16:44:34
sz.301152,empty_from_all_sources,2,2026-08-25 16:44:34
sz.301153,empty_from_all_sources,2,2026-08-25 16:44:34
sz.301155,empty_from_all_sources,2,2026-08-25 16:44:34
sz.301156,empty_from_all_sources,2,2026-08-25 16:44:34
sz.301157,empty_from_all_sources,2,2026-08-25 16:44:34
sz.301158,empty_from_all_sources,2,2026-08-25 16:44:34
sz.301159,empty_from_all_sources,2,2026-08-25 16:44:34
sz.301160,empty_from_all_sources,2,2026-08-25 16:44:34
sz.301161,empty_from_all_sources,2,2026-08-25 16:44:34
sz.301162,empty_from_all_sources,2,2026-08-25 16:44:34
sz.301163,empty_from_all_sources,2,2026-08-25 16:44:34
sz.301166,empty_from_all_sources,2,2026-08-25 16:44:34
sz.301167,empty_from_all_sources,2,2026-08-25 16:44:34
sz.301168,empty_from_all_sources,2,2026-08-25 16:44:34
sz.301169,empty_from_all_sources,2,2026-08-25 16:44:34
sz.301170,empty_from_all_sources,2,2026-08-25 16:44:34
sz.301171,empty_from_all_sources,2,2026-08-25 16:44:34
sz.301172,empty_from_all_sources,2,2026-08-25 16:44:34
sz.301173,empty_from_all_sources,2,2026-08-25 16:44:34
sz.301175,empty_from_all_sources,2,2026-08-25 16:44:34
sz.301176,empty_from_all_sources,2,2026-08-25 16:44:34
sz.301177,empty_from_all_sources,2,2026-08-25 16:44:34
sz.301178,empty_from_all_sources,2,2026-08-25 16:44:34
sz.301179,empty_from_all_sources,2,2026-08-25 16:44:34
sz.301180,empty_from_all_sources,2,2026-08-25 16:44:34
sz.301181,empty_from_all_sources,2,2026-08-25 16:44:34
sz.301182,empty_from_all_sources,2,2026-08-25 16:44:34
sz.301183,empty_from_all_sources,2,2026-08-25 16:44:34
sz.301185,empty_from_all_sources,2,2026-08-25 16:44:34
sz.301186,empty_from_all_sources,2,2026-08-25 16:44:34
sz.301187,empty_from_all_sources,2,2026-08-25 16:44:34
sz.301188,empty_from_all_sources,2,2026-08-25 16:44:34
sz.301189,empty_from_all_sources,2,2026-08-25 16:44:34
sz.301190,empty_from_all_sources,2,2026-08-25 16:44:34
sz.301191,empty_from_all_sources,2,2026-08-25 16:44:34
sz.301192,empty_from_all_sources,2,2026-08-25 16:44:34
sz.301193,empty_from_all_sources,2,2026-08-25 16:44:34
sz.301195,empty_from_all_sources,2,2026-08-25 16:44:34
sz.301196,empty_from_all_sources,2,2026-08-25 16:44:34
sz.301197,empty_from_all_sources,2,2026-08-25 16:44:34
sz.301198,empty_from_all_sources,2,2026-08-25 16:44:34
sz.301199,empty_from_all_sources,2,2026-08-25 16:44:34
sz.301200,empty_from_all_sources,2,2026-08-25 16:44:34
sz.301201,empty_from_all_sources,2,2026-08-25 16:44:34
sz.301202,empty_from_all_sources,2,2026-08-25 16:44:34
sz.301203,empty_from_all_sources,2,2026-08-25 16:44:42
sz.301205,empty_from_all_sources,2,2026-08-25 16:44:42
sz.301206,empty_from_all_sources,2,2026-08-25 16:44:42
sz.301207,empty_from_all_sources,2,2026-08-25 16:44:42
sz.301208,empty_from_all_sources,2,2026-08-25 16:44:42
sz.301209,empty_from_all_sources,2,2026-08-25 16:44:42
sz.301210,empty_from_all_sources,2,2026-08-25 16:44:42
sz.301211,empty_from_all_sources,2,2026-08-25 16:44:42
sz.301212,empty_from_all_sources,2,2026-08-25 16:44:42
sz.301213,empty_from_all_sources,2,2026-08-25 16:44:42
sz.301215,empty_from_all_sources,2,2026-08-25 16:44:42
sz.301216,empty_from_all_sources,2,2026-08-25 16:44:42
sz.301218,empty_from_all_sources,2,2026-08-25 16:44:42
sz.301219,empty_from_all_sources,2,2026-08-25 16:44:42
sz.301220,empty_from_all_sources,2,2026-08-25 16:44:42
sz.301221,empty_from_all_sources,2,2026-08-25 16:44:42
sz.301222,empty_from_all_sources,2,2026-08-25 16:44:42
sz.301223,empty_from_all_sources,2,2026-08-25 16:44:42
sz.301225,empty_from_all_sources,2,2026-08-25 16:44:42
sz.301226,empty_from_all_sources,2,2026-08-25 16:44:42
sz.301227,empty_from_all_sources,2,2026-08-25 16:44:42
sz.301228,empty_from_all_sources,2,2026-08-25 16:44:42
sz.301229,empty_from_all_sources,2,2026-08-25 16:44:42
sz.301230,empty_from_all_sources,2,2026-08-25 16:44:42
sz.301231,empty_from_all_sources,2,2026-08-25 16:44:42
sz.301232,empty_from_all_sources,2,2026-08-25 16:44:42
sz.301233,empty_from_all_sources,2,2026-08-25 16:44:42
sz.301234,empty_from_all_sources,2,2026-08-25 16:44:42
sz.301235,empty_from_all_sources,2,2026-08-25 16:44:42
sz.301236,empty_from_all_sources,2,2026-08-25 16:44:42
sz.301237,empty_from_all_sources,2,2026-08-25 16:44:42
sz.301238,empty_from_all_sources,2,2026-08-25 16:44:42
sz.301239,empty_from_all_sources,2,2026-08-25 16:44:42
sz.301246,empty_from_all_sources,2,2026-08-25 16:44:42
sz.301248,empty_from_all_sources,2,2026-08-25 16:44:42
sz.301251,empty_from_all_sources,2,2026-08-25 16:44:42
sz.301252,empty_from_all_sources,2,2026-08-25 16:44:42
sz.301255,empty_from_all_sources,2,2026-08-25 16:44:42
sz.301256,empty_from_all_sources,2,2026-08-25 16:44:42
sz.301257,empty_from_all_sources,2,2026-08-25 16:44:42
sz.301258,empty_from_all_sources,2,2026-08-25 16:44:42
sz.301259,empty_from_all_sources,2,2026-08-25 16:44:42
sz.301260,empty_from_all_sources,2,2026-08-25 16:44:42
sz.301261,empty_from_all_sources,2,2026-08-25 16:44:42
sz.301262,empty_from_all_sources,2,2026-08-25 16:44:42
sz.301263,empty_from_all_sources,2,2026-08-25 16:44:42
sz.301265,empty_from_all_sources,2,2026-08-25 16:44:42
sz.301266,empty_from_all_sources,2,2026-08-25 16:44:42
sz.301267,empty_from_all_sources,2,2026-08-25 16:44:42
sz.301268,empty_from_all_sources,2,2026-08-25 16:44:42
sz.301269,empty_from_all_sources,2,2026-08-25 16:44:42
sz.301270,empty_from_all_sources,2,2026-08-25 16:44:42
sz.301272,empty_from_all_sources,2,2026-08-25 16:44:42
sz.301273,empty_from_all_sources,2,2026-08-25 16:44:42
sz.301275,empty_from_all_sources,2,2026-08-25 16:44:42
sz.301276,empty_from_all_sources,2,2026-08-25 16:44:42
sz.301277,empty_from_all_sources,2,2026-08-25 16:44:42
sz.301278,empty_from_all_sources,2,2026-08-25 16:44:42
sz.301279,empty_from_all_sources,2,2026-08-25 16:44:42
sz.301280,empty_from_all_sources,2,2026-08-25 16:44:42
sz.301281,empty_from_all_sources,2,2026-08-25 16:44:42
sz.301282,empty_from_all_sources,2,2026-08-25 16:44:43
sz.301283,empty_from_all_sources,2,2026-08-25 16:44:43
sz.301285,empty_from_all_sources,2,2026-08-25 16:44:43
sz.301286,empty_from_all_sources,2,2026-08-25 16:44:43
sz.301287,empty_from_all_sources,2,2026-08-25 16:44:43
sz.301288,empty_from_all_sources,2,2026-08-25 16:44:43
sz.301289,empty_from_all_sources,2,2026-08-25 16:44:43
sz.301290,empty_from_all_sources,2,2026-08-25 16:44:43
sz.301291,empty_from_all_sources,2,2026-08-25 16:44:43
sz.301292,empty_from_all_sources,2,2026-08-25 16:44:43
sz.301293,empty_from_all_sources,2,2026-08-25 16:44:43
sz.301295,empty_from_all_sources,2,2026-08-25 16:44:43
sz.301296,empty_from_all_sources,2,2026-08-25 16:44:43
sz.301297,empty_from_all_sources,2,2026-08-25 16:44:43
sz.301298,empty_from_all_sources,2,2026-08-25 16:44:43
sz.301299,empty_from_all_sources,2,2026-08-25 16:44:43
sz.301300,empty_from_all_sources,2,2026-08-25 16:44:43
sz.301301,empty_from_all_sources,2,2026-08-25 16:44:43
sz.301302,empty_from_all_sources,2,2026-08-25 16:44:43
sz.301303,empty_from_all_sources,2,2026-08-25 16:44:43
sz.301305,empty_from_all_sources,2,2026-08-25 16:44:43
sz.301306,empty_from_all_sources,2,2026-08-25 16:44:43
sz.301307,empty_from_all_sources,2,2026-08-25 16:44:43
sz.301309,empty_from_all_sources,2,2026-08-25 16:44:43
sz.301310,empty_from_all_sources,2,2026-08-25 16:44:43
sz.301311,empty_from_all_sources,2,2026-08-25 16:44:43
sz.301312,empty_from_all_sources,2,2026-08-25 16:44:43
sz.301313,empty_from_all_sources,2,2026-08-25 16:44:43
sz.301314,empty_from_all_sources,2,2026-08-25 16:44:43
sz.301315,empty_from_all_sources,2,2026-08-25 16:44:43
sz.301316,empty_from_all_sources,2,2026-08-25 16:44:43
sz.301317,empty_from_all_sources,2,2026-08-25 16:44:43
sz.301318,empty_from_all_sources,2,2026-08-25 16:44:43
sz.301319,empty_from_all_sources,2,2026-08-25 16:44:43
sz.301320,empty_from_all_sources,2,2026-08-25 16:44:43
sz.301321,empty_from_all_sources,2,2026-08-25 16:44:43
sz.301322,empty_from_all_sources,2,2026-08-25 16:44:43
sz.301323,empty_from_all_sources,2,2026-08-25 16:44:43
sz.301325,empty_from_all_sources,2,2026-08-25 16:44:43
sz.301326,empty_from_all_sources,2,2026-08-25 16:44:43
sz.301327,empty_from_all_sources,2,2026-08-25 16:44:43
sz.301328,empty_from_all_sources,2,2026-08-25 16:44:43
sz.301329,empty_from_all_sources,2,2026-08-25 16:44:43
sz.301330,empty_from_all_sources,2,2026-08-25 16:44:43
sz.301331,empty_from_all_sources,2,2026-08-25 16:44:43
sz.301332,empty_from_all_sources,2,2026-08-25 16:44:43
sz.301333,empty_from_all_sources,2,2026-08-25 16:44:43
sz.301335,empty_from_all_sources,2,2026-08-25 16:44:43
sz.301336,empty_from_all_sources,2,2026-08-25 16:44:43
sz.301337,empty_from_all_sources,2,2026-08-25 16:44:43
sz.301338,empty_from_all_sources,2,2026-08-25 16:44:43
sz.301339,empty_from_all_sources,2,2026-08-25 16:44:43
sz.301345,empty_from_all_sources,2,2026-08-25 16:44:43
sz.301348,empty_from_all_sources,2,2026-08-25 16:44:43
sz.301349,empty_from_all_sources,2,2026-08-25 16:44:43
sz.301353,empty_from_all_sources,2,2026-08-25 16:44:43
sz.301355,empty_from_all_sources,2,2026-08-25 16:44:43
sz.301356,empty_from_all_sources,2,2026-08-25 16:44:43
sz.301357,empty_from_all_sources,2,2026-08-25 16:44:43
sz.301358,empty_from_all_sources,2,2026-08-25 16:44:43
sz.301359,empty_from_all_sources,2,2026-08-25 16:44:43
sz.301360,empty_from_all_sources,2,2026-08-25 16:44:43
sz.301361,empty_from_all_sources,2,2026-08-25 16:44:43
sz.301362,empty_from_all_sources,2,2026-08-25 16:44:43
sz.301363,empty_from_all_sources,2,2026-08-25 16:44:43
sz.301365,empty_from_all_sources,2,2026-08-25 16:44:43
sz.301366,empty_from_all_sources,2,2026-08-25 16:44:43
sz.301367,empty_from_all_sources,2,2026-08-25 16:44:43
sz.301368,empty_from_all_sources,2,2026-08-25 16:44:43
sz.301369,empty_from_all_sources,2,2026-08-25 16:44:43
sz.301370,empty_from_all_sources,2,2026-08-25 16:44:43
sz.301371,empty_from_all_sources,2,2026-08-25 16:44:43
sz.301372,empty_from_all_sources,2,2026-08-25 16:44:43
sz.301373,empty_from_all_sources,2,2026-08-25 16:44:43
sz.301376,empty_from_all_sources,2,2026-08-25 16:44:43
sz.301378,empty_from_all_sources,2,2026-08-25 16:44:43
sz.301379,empty_from_all_sources,2,2026-08-25 16:44:43
sz.301380,empty_from_all_sources,2,2026-08-25 16:44:43
sz.301381,empty_from_all_sources,2,2026-08-25 16:44:43
sz.301382,empty_from_all_sources,2,2026-08-25 16:44:43
sz.301383,empty_from_all_sources,2,2026-08-25 16:44:43
sz.301386,empty_from_all_sources,2,2026-08-25 16:44:43
sz.301387,empty_from_all_sources,2,2026-08-25 16:44:43
sz.301388,empty_from_all_sources,2,2026-08-25 16:44:43
sz.301389,empty_from_all_sources,2,2026-08-25 16:44:43
sz.301390,empty_from_all_sources,2,2026-08-25 16:44:43
sz.301391,empty_from_all_sources,2,2026-08-25 16:44:43
sz.301392,empty_from_all_sources,2,2026-08-25 16:44:43
sz.301393,empty_from_all_sources,2,2026-08-25 16:44:43
sz.301395,empty_from_all_sources,2,2026-08-25 16:44:43
sz.301397,empty_from_all_sources,2,2026-08-25 16:44:43
sz.301398,empty_from_all_sources,2,2026-08-25 16:44:43
sz.301399,empty_from_all_sources,2,2026-08-25 16:44:43
sz.301408,empty_from_all_sources,2,2026-08-25 16:44:43
sz.301413,empty_from_all_sources,2,2026-08-25 16:44:43
sz.301418,empty_from_all_sources,2,2026-08-25 16:44:43
sz.301419,empty_from_all_sources,2,2026-08-25 16:44:43
sz.301421,empty_from_all_sources,2,2026-08-25 16:44:43
sz.301428,empty_from_all_sources,2,2026-08-25 16:44:43
sz.301429,empty_from_all_sources,2,2026-08-25 16:44:43
sz.301439,empty_from_all_sources,2,2026-08-25 16:44:43
sz.301446,empty_from_all_sources,2,2026-08-25 16:44:43
sz.301448,empty_from_all_sources,2,2026-08-25 16:44:43
sz.301449,empty_from_all_sources,2,2026-08-25 16:44:43
sz.301456,empty_from_all_sources,2,2026-08-25 16:44:43
sz.301458,empty_from_all_sources,2,2026-08-25 16:44:43
sz.301459,empty_from_all_sources,2,2026-08-25 16:44:43
sz.301468,empty_from_all_sources,2,2026-08-25 16:44:43
sz.301469,empty_from_all_sources,2,2026-08-25 16:44:43
sz.301479,empty_from_all_sources,2,2026-08-25 16:44:43
sz.301486,empty_from_all_sources,2,2026-08-25 16:44:43
sz.301487,empty_from_all_sources,2,2026-08-25 16:44:43
sz.301488,empty_from_all_sources,2,2026-08-25 16:44:43
sz.301489,empty_from_all_sources,2,2026-08-25 16:44:43
sz.301491,empty_from_all_sources,2,2026-08-25 16:44:43
sz.301498,empty_from_all_sources,2,2026-08-25 16:44:43
sz.301499,empty_from_all_sources,2,2026-08-25 16:44:43
sz.301500,empty_from_all_sources,2,2026-08-25 16:44:43
sz.301501,empty_from_all_sources,2,2026-08-25 16:44:43
sz.301502,empty_from_all_sources,2,2026-08-25 16:44:43
sz.301503,empty_from_all_sources,2,2026-08-25 16:44:43
sz.301505,empty_from_all_sources,2,2026-08-25 16:44:43
sz.301507,empty_from_all_sources,2,2026-08-25 16:44:43
sz.301508,empty_from_all_sources,2,2026-08-25 16:44:43
sz.301509,empty_from_all_sources,2,2026-08-25 16:44:43
sz.301510,empty_from_all_sources,2,2026-08-25 16:44:43
sz.301512,empty_from_all_sources,2,2026-08-25 16:44:43
sz.301513,empty_from_all_sources,2,2026-08-25 16:44:43
sz.301515,empty_from_all_sources,2,2026-08-25 16:44:43
sz.301516,empty_from_all_sources,2,2026-08-25 16:44:43
sz.301517,empty_from_all_sources,2,2026-08-25 16:44:43
sz.301518,empty_from_all_sources,2,2026-08-25 16:44:43
sz.301519,empty_from_all_sources,2,2026-08-25 16:44:43
sz.301520,empty_from_all_sources,2,2026-08-25 16:44:43
sz.301522,empty_from_all_sources,2,2026-08-25 16:44:43
sz.301525,empty_from_all_sources,2,2026-08-25 16:44:43
sz.301528,empty_from_all_sources,2,2026-08-25 16:44:43
sz.301529,empty_from_all_sources,2,2026-08-25 16:44:43
sz.301531,empty_from_all_sources,2,2026-08-25 16:44:43
sz.301533,empty_from_all_sources,2,2026-08-25 16:44:43
sz.301535,empty_from_all_sources,2,2026-08-25 16:44:43
sz.301538,empty_from_all_sources,2,2026-08-25 16:44:43
sz.301539,empty_from_all_sources,2,2026-08-25 16:44:43
sz.301548,empty_from_all_sources,2,2026-08-25 16:44:43
sz.301550,empty_from_all_sources,2,2026-08-25 16:44:43
sz.301551,empty_from_all_sources,2,2026-08-25 16:44:43
sz.301552,empty_from_all_sources,2,2026-08-25 16:44:43
sz.301555,empty_from_all_sources,2,2026-08-25 16:44:43
sz.301556,empty_from_all_sources,2,2026-08-25 16:44:43
sz.301557,empty_from_all_sources,2,2026-08-25 16:44:43
sz.301558,empty_from_all_sources,2,2026-08-25 16:44:43
sz.301559,empty_from_all_sources,2,2026-08-25 16:44:43
sz.301560,empty_from_all_sources,2,2026-08-25 16:44:43
sz.301563,empty_from_all_sources,2,2026-08-25 16:44:43
sz.301565,empty_from_all_sources,2,2026-08-25 16:44:43
sz.301566,empty_from_all_sources,2,2026-08-25 16:44:43
sz.301567,empty_from_all_sources,2,2026-08-25 16:44:43
sz.301568,empty_from_all_sources,2,2026-08-25 16:44:43
sz.301571,empty_from_all_sources,2,2026-08-25 16:44:43
sz.301575,empty_from_all_sources,2,2026-08-25 16:44:43
sz.301577,empty_from_all_sources,2,2026-08-25 16:44:43
sz.301578,empty_from_all_sources,2,2026-08-25 16:44:43
sz.301580,empty_from_all_sources,2,2026-08-25 16:44:43
sz.301581,empty_from_all_sources,2,2026-08-25 16:44:43
sz.301584,empty_from_all_sources,2,2026-08-25 16:44:43
sz.301585,empty_from_all_sources,2,2026-08-25 16:44:43
sz.301586,empty_from_all_sources,2,2026-08-25 16:44:43
sz.301587,empty_from_all_sources,2,2026-08-25 16:44:43
sz.301588,empty_from_all_sources,2,2026-08-25 16:44:43
sz.301589,empty_from_all_sources,2,2026-08-25 16:44:43
sz.301590,empty_from_all_sources,2,2026-08-25 16:44:43
sz.301591,empty_from_all_sources,2,2026-08-25 16:44:43
sz.301592,empty_from_all_sources,2,2026-08-25 16:44:43
sz.301595,empty_from_all_sources,2,2026-08-25 16:44:43
sz.301596,empty_from_all_sources,2,2026-08-25 16:44:43
sz.301598,empty_from_all_sources,2,2026-08-25 16:44:43
sz.301599,empty_from_all_sources,2,2026-08-25 16:44:43
sz.301600,empty_from_all_sources,2,2026-08-25 16:44:43
sz.301601,empty_from_all_sources,2,2026-08-25 16:44:43
sz.301602,empty_from_all_sources,2,2026-08-25 16:44:43
sz.301603,empty_from_all_sources,2,2026-08-25 16:44:43
sz.301606,empty_from_all_sources,2,2026-08-25 16:44:43
sz.301607,empty_from_all_sources,2,2026-08-25 16:44:43
sz.301608,empty_from_all_sources,2,2026-08-25 16:44:43
sz.301609,empty_from_all_sources,2,2026-08-25 16:44:43
sz.301613,empty_from_all_sources,2,2026-08-25 16:44:43
sz.301616,empty_from_all_sources,2,2026-08-25 16:44:43
sz.301617,empty_from_all_sources,2,2026-08-25 16:44:43
sz.301618,empty_from_all_sources,2,2026-08-25 16:44:43
sz.301622,empty_from_all_sources,2,2026-08-25 16:44:43
sz.301626,empty_from_all_sources,2,2026-08-25 16:44:43
sz.301628,empty_from_all_sources,2,2026-08-25 16:44:43
sz.301629,empty_from_all_sources,2,2026-08-25 16:44:43
sz.301630,empty_from_all_sources,2,2026-08-25 16:44:43
sz.301631,empty_from_all_sources,2,2026-08-25 16:44:43
sz.301632,empty_from_all_sources,2,2026-08-25 16:44:43
sz.301633,empty_from_all_sources,2,2026-08-25 16:44:43
sz.301636,empty_from_all_sources,2,2026-08-25 16:44:43
sz.301638,empty_from_all_sources,2,2026-08-25 16:44:43
sz.301656,empty_from_all_sources,2,2026-08-25 16:44:43
sz.301658,empty_from_all_sources,2,2026-08-25 16:44:43
sz.301662,empty_from_all_sources,2,2026-08-25 16:44:43
sz.301665,empty_from_all_sources,2,2026-08-25 16:44:43
sz.301666,empty_from_all_sources,2,2026-08-25 16:44:43
sz.301667,empty_from_all_sources,2,2026-08-25 16:44:43
sz.301668,empty_from_all_sources,2,2026-08-25 16:44:43
sz.301669,empty_from_all_sources,2,2026-08-25 16:44:43
sz.301678,empty_from_all_sources,2,2026-08-25 16:44:43
sz.301680,empty_from_all_sources,2,2026-08-25 16:44:43
sz.301682,empty_from_all_sources,2,2026-08-25 16:44:43
sz.301683,empty_from_all_sources,2,2026-08-25 16:44:43
sz.301687,empty_from_all_sources,2,2026-08-25 16:44:43
sz.301696,empty_from_all_sources,2,2026-08-25 16:44:43
sz.302132,empty_from_all_sources,2,2026-08-25 16:44:43
sh.688105,empty_from_all_sources,1,2026-08-25 16:19:26
sh.688106,empty_from_all_sources,1,2026-08-25 16:19:26
sh.688107,empty_from_all_sources,1,2026-08-25 16:19:26
sh.688108,empty_from_all_sources,1,2026-08-25 16:19:26
sh.688109,empty_from_all_sources,1,2026-08-25 16:19:26
sh.688110,empty_from_all_sources,1,2026-08-25 16:19:27
sh.688111,empty_from_all_sources,1,2026-08-25 16:19:27
sh.688112,empty_from_all_sources,1,2026-08-25 16:19:27
sh.688113,empty_from_all_sources,1,2026-08-25 16:19:27
sh.688114,empty_from_all_sources,1,2026-08-25 16:19:27
sh.688115,empty_from_all_sources,1,2026-08-25 16:19:27
sh.688116,empty_from_all_sources,1,2026-08-25 16:19:27
sh.688117,empty_from_all_sources,1,2026-08-25 16:19:27
sh.688118,empty_from_all_sources,1,2026-08-25 16:19:27
sh.688119,empty_from_all_sources,1,2026-08-25 16:19:27
sh.688120,empty_from_all_sources,1,2026-08-25 16:19:27
sh.688121,empty_from_all_sources,1,2026-08-25 16:19:27
sh.688122,empty_from_all_sources,1,2026-08-25 16:19:27
sh.688123,empty_from_all_sources,1,2026-08-25 16:19:27
sh.688125,empty_from_all_sources,1,2026-08-25 16:19:27
sh.688126,empty_from_all_sources,1,2026-08-25 16:19:27
sh.688127,empty_from_all_sources,1,2026-08-25 16:19:27
sh.688128,empty_from_all_sources,1,2026-08-25 16:19:27
sh.688129,empty_from_all_sources,1,2026-08-25 16:19:27
sh.688130,empty_from_all_sources,1,2026-08-25 16:19:27
sh.688131,empty_from_all_sources,1,2026-08-25 16:19:27
sh.688132,empty_from_all_sources,1,2026-08-25 16:19:27
sh.688133,empty_from_all_sources,1,2026-08-25 16:19:27
sh.688135,empty_from_all_sources,1,2026-08-25 16:19:27
sh.688136,empty_from_all_sources,1,2026-08-25 16:19:27
sh.688137,empty_from_all_sources,1,2026-08-25 16:19:27
sh.688138,empty_from_all_sources,1,2026-08-25 16:19:27
sh.688139,empty_from_all_sources,1,2026-08-25 16:19:27
sh.688141,empty_from_all_sources,1,2026-08-25 16:19:27
sh.688143,empty_from_all_sources,1,2026-08-25 16:19:27
sh.688146,empty_from_all_sources,1,2026-08-25 16:19:27
sh.688147,empty_from_all_sources,1,2026-08-25 16:19:27
sh.688148,empty_from_all_sources,1,2026-08-25 16:19:27
sh.688150,empty_from_all_sources,1,2026-08-25 16:19:27
sh.688151,empty_from_all_sources,1,2026-08-25 16:19:27
sh.688152,empty_from_all_sources,1,2026-08-25 16:19:27
sh.688153,empty_from_all_sources,1,2026-08-25 16:19:27
sh.688155,empty_from_all_sources,1,2026-08-25 16:19:27
sh.688156,empty_from_all_sources,1,2026-08-25 16:19:27
sh.688157,empty_from_all_sources,1,2026-08-25 16:19:27
sh.688158,empty_from_all_sources,1,2026-08-25 16:19:27
sh.688159,empty_from_all_sources,1,2026-08-25 16:19:27
sh.688160,empty_from_all_sources,1,2026-08-25 16:19:27
sh.688161,empty_from_all_sources,1,2026-08-25 16:19:27
sh.688162,empty_from_all_sources,1,2026-08-25 16:19:27
sh.688163,empty_from_all_sources,1,2026-08-25 16:19:27
sh.688165,empty_from_all_sources,1,2026-08-25 16:19:27
sh.688166,empty_from_all_sources,1,2026-08-25 16:19:27
sh.688167,empty_from_all_sources,1,2026-08-25 16:19:27
sh.688168,empty_from_all_sources,1,2026-08-25 16:19:27
sh.688169,empty_from_all_sources,1,2026-08-25 16:19:27
sh.688170,empty_from_all_sources,1,2026-08-25 16:19:27
sh.688171,empty_from_all_sources,1,2026-08-25 16:19:27
sh.688172,empty_from_all_sources,1,2026-08-25 16:19:27
sh.688173,empty_from_all_sources,1,2026-08-25 16:19:27
sh.688175,empty_from_all_sources,1,2026-08-25 16:19:27
sh.688176,empty_from_all_sources,1,2026-08-25 16:19:27
sh.688177,empty_from_all_sources,1,2026-08-25 16:19:27
sh.688178,empty_from_all_sources,1,2026-08-25 16:19:27
sh.688179,empty_from_all_sources,1,2026-08-25 16:19:27
sh.688180,empty_from_all_sources,1,2026-08-25 16:19:27
sh.688181,empty_from_all_sources,1,2026-08-25 16:19:27
sh.688182,empty_from_all_sources,1,2026-08-25 16:19:27
sh.688183,empty_from_all_sources,1,2026-08-25 16:19:27
sh.688184,empty_from_all_sources,1,2026-08-25 16:19:27
sh.688185,empty_from_all_sources,1,2026-08-25 16:19:27
sh.688186,empty_from_all_sources,1,2026-08-25 16:19:27
sh.688187,empty_from_all_sources,1,2026-08-25 16:19:27
sh.688188,empty_from_all_sources,1,2026-08-25 16:19:27
sh.688189,empty_from_all_sources,1,2026-08-25 16:19:27
sh.688190,empty_from_all_sources,1,2026-08-25 16:19:27
sh.688191,empty_from_all_sources,1,2026-08-25 16:19:27
sh.688192,empty_from_all_sources,1,2026-08-25 16:19:27
sh.688193,empty_from_all_sources,1,2026-08-25 16:19:27
sh.688195,empty_from_all_sources,1,2026-08-25 16:19:27
sh.688196,empty_from_all_sources,1,2026-08-25 16:19:27
sh.688197,empty_from_all_sources,1,2026-08-25 16:19:27
sh.688198,empty_from_all_sources,1,2026-08-25 16:19:27
sh.688199,empty_from_all_sources,1,2026-08-25 16:19:27
sh.688201,empty_from_all_sources,1,2026-08-25 16:26:15
sh.688202,empty_from_all_sources,1,2026-08-25 16:26:15
sh.688203,empty_from_all_sources,1,2026-08-25 16:26:15
sh.688206,empty_from_all_sources,1,2026-08-25 16:26:15
sh.688207,empty_from_all_sources,1,2026-08-25 16:26:15
sh.688208,empty_from_all_sources,1,2026-08-25 16:26:15
sh.688209,empty_from_all_sources,1,2026-08-25 16:26:15
sh.688210,empty_from_all_sources,1,2026-08-25 16:26:15
sh.688211,empty_from_all_sources,1,2026-08-25 16:26:15
sh.688212,empty_from_all_sources,1,2026-08-25 16:26:15
sh.688213,empty_from_all_sources,1,2026-08-25 16:26:15
sh.688215,empty_from_all_sources,1,2026-08-25 16:26:15
sh.688216,empty_from_all_sources,1,2026-08-25 16:26:15
sh.688217,empty_from_all_sources,1,2026-08-25 16:26:15
sh.688218,empty_from_all_sources,1,2026-08-25 16:26:15
sh.688219,empty_from_all_sources,1,2026-08-25 16:26:15
sh.688220,empty_from_all_sources,1,2026-08-25 16:26:15
sh.688221,empty_from_all_sources,1,2026-08-25 16:26:15
sh.688222,empty_from_all_sources,1,2026-08-25 16:26:15
sh.688223,empty_from_all_sources,1,2026-08-25 16:26:15
sh.688225,empty_from_all_sources,1,2026-08-25 16:26:15
sh.688226,empty_from_all_sources,1,2026-08-25 16:26:15
sh.688227,empty_from_all_sources,1,2026-08-25 16:26:15
sh.688228,empty_from_all_sources,1,2026-08-25 16:26:15
sh.688229,empty_from_all_sources,1,2026-08-25 16:26:15
sh.688230,empty_from_all_sources,1,2026-08-25 16:26:15
sh.688231,empty_from_all_sources,1,2026-08-25 16:26:15
sh.688232,empty_from_all_sources,1,2026-08-25 16:26:15
sh.688236,empty_from_all_sources,1,2026-08-25 16:26:15
sh.688237,empty_from_all_sources,1,2026-08-25 16:26:15
sh.688238,empty_from_all_sources,1,2026-08-25 16:26:15
sh.688239,empty_from_all_sources,1,2026-08-25 16:26:15
sh.688244,empty_from_all_sources,1,2026-08-25 16:26:15
sh.688246,empty_from_all_sources,1,2026-08-25 16:26:15
sh.688247,empty_from_all_sources,1,2026-08-25 16:26:15
sh.688248,empty_from_all_sources,1,2026-08-25 16:26:15
sh.688251,empty_from_all_sources,1,2026-08-25 16:26:15
sh.688252,empty_from_all_sources,1,2026-08-25 16:26:15
sh.688253,empty_from_all_sources,1,2026-08-25 16:26:15
sh.688255,empty_from_all_sources,1,2026-08-25 16:26:15
sh.688257,empty_from_all_sources,1,2026-08-25 16:26:15
sh.688258,empty_from_all_sources,1,2026-08-25 16:26:15
sh.688259,empty_from_all_sources,1,2026-08-25 16:26:15
sh.688260,empty_from_all_sources,1,2026-08-25 16:26:15
sh.688261,empty_from_all_sources,1,2026-08-25 16:26:15
sh.688262,empty_from_all_sources,1,2026-08-25 16:26:15
sh.688265,empty_from_all_sources,1,2026-08-25 16:26:15
sh.688266,empty_from_all_sources,1,2026-08-25 16:26:15
sh.688267,empty_from_all_sources,1,2026-08-25 16:26:15
sh.688269,empty_from_all_sources,1,2026-08-25 16:26:15
sh.688270,empty_from_all_sources,1,2026-08-25 16:26:15
sh.688271,empty_from_all_sources,1,2026-08-25 16:26:15
sh.688272,empty_from_all_sources,1,2026-08-25 16:26:15
sh.688273,empty_from_all_sources,1,2026-08-25 16:26:15
sh.688275,empty_from_all_sources,1,2026-08-25 16:26:15
sh.688276,empty_from_all_sources,1,2026-08-25 16:26:15
sh.688277,empty_from_all_sources,1,2026-08-25 16:26:15
sh.688278,empty_from_all_sources,1,2026-08-25 16:26:15
sh.688279,empty_from_all_sources,1,2026-08-25 16:26:15
sh.688280,empty_from_all_sources,1,2026-08-25 16:26:15
sh.688281,empty_from_all_sources,1,2026-08-25 16:26:15
sh.688282,empty_from_all_sources,1,2026-08-25 16:26:15
sh.688283,empty_from_all_sources,1,2026-08-25 16:26:15
sh.688285,empty_from_all_sources,1,2026-08-25 16:26:15
sh.688286,empty_from_all_sources,1,2026-08-25 16:26:15
sh.688288,empty_from_all_sources,1,2026-08-25 16:26:15
sh.688289,empty_from_all_sources,1,2026-08-25 16:26:15
sh.688290,empty_from_all_sources,1,2026-08-25 16:26:15
sh.688291,empty_from_all_sources,1,2026-08-25 16:26:15
sh.688292,empty_from_all_sources,1,2026-08-25 16:26:15
sh.688293,empty_from_all_sources,1,2026-08-25 16:26:15
sh.688295,empty_from_all_sources,1,2026-08-25 16:26:15
sh.688296,empty_from_all_sources,1,2026-08-25 16:26:15
sh.688297,empty_from_all_sources,1,2026-08-25 16:26:15
sh.688298,empty_from_all_sources,1,2026-08-25 16:26:15
sh.688299,empty_from_all_sources,1,2026-08-25 16:26:15
sh.688300,empty_from_all_sources,1,2026-08-25 16:26:15
sh.688301,empty_from_all_sources,1,2026-08-25 16:26:15
sh.688302,empty_from_all_sources,1,2026-08-25 16:26:15
sh.688303,empty_from_all_sources,1,2026-08-25 16:26:16
sh.688305,empty_from_all_sources,1,2026-08-25 16:26:16
sh.688306,empty_from_all_sources,1,2026-08-25 16:26:16
sh.688307,empty_from_all_sources,1,2026-08-25 16:26:16
sh.688308,empty_from_all_sources,1,2026-08-25 16:26:16
sh.688309,empty_from_all_sources,1,2026-08-25 16:26:16
sh.688310,empty_from_all_sources,1,2026-08-25 16:26:16
sh.688311,empty_from_all_sources,1,2026-08-25 16:26:16
sh.688312,empty_from_all_sources,1,2026-08-25 16:26:16
sh.688314,empty_from_all_sources,1,2026-08-25 16:26:16
sh.688315,empty_from_all_sources,1,2026-08-25 16:26:16
sh.688316,empty_from_all_sources,1,2026-08-25 16:26:16
sh.688317,empty_from_all_sources,1,2026-08-25 16:26:16
sh.688318,empty_from_all_sources,1,2026-08-25 16:26:16
sh.688319,empty_from_all_sources,1,2026-08-25 16:26:16
sh.688320,empty_from_all_sources,1,2026-08-25 16:26:16
sh.688321,empty_from_all_sources,1,2026-08-25 16:26:16
sh.688323,empty_from_all_sources,1,2026-08-25 16:26:16
sh.688325,empty_from_all_sources,1,2026-08-25 16:26:16
sh.688326,empty_from_all_sources,1,2026-08-25 16:26:16
sh.688327,empty_from_all_sources,1,2026-08-25 16:26:16
sh.688328,empty_from_all_sources,1,2026-08-25 16:26:16
sh.688329,empty_from_all_sources,1,2026-08-25 16:26:16
sh.688330,empty_from_all_sources,1,2026-08-25 16:26:16
sh.688331,empty_from_all_sources,1,2026-08-25 16:26:16
sh.688332,empty_from_all_sources,1,2026-08-25 16:26:16
sh.688333,empty_from_all_sources,1,2026-08-25 16:26:16
sh.688334,empty_from_all_sources,1,2026-08-25 16:26:16
sh.688335,empty_from_all_sources,1,2026-08-25 16:26:16
sh.688336,empty_from_all_sources,1,2026-08-25 16:26:16
sh.688337,empty_from_all_sources,1,2026-08-25 16:26:16
sh.688338,empty_from_all_sources,1,2026-08-25 16:26:16
sh.688339,empty_from_all_sources,1,2026-08-25 16:26:16
sh.688343,empty_from_all_sources,1,2026-08-25 16:26:16
sh.688345,empty_from_all_sources,1,2026-08-25 16:26:16
sh.688348,empty_from_all_sources,1,2026-08-25 16:26:16
sh.688349,empty_from_all_sources,1,2026-08-25 16:26:16
sh.688350,empty_from_all_sources,1,2026-08-25 16:26:16
sh.688351,empty_from_all_sources,1,2026-08-25 16:26:16
sh.688352,empty_from_all_sources,1,2026-08-25 16:26:16
sh.688353,empty_from_all_sources,1,2026-08-25 16:26:16
sh.688355,empty_from_all_sources,1,2026-08-25 16:26:16
sh.688356,empty_from_all_sources,1,2026-08-25 16:26:16
sh.688357,empty_from_all_sources,1,2026-08-25 16:26:16
sh.688358,empty_from_all_sources,1,2026-08-25 16:26:16
sh.688359,empty_from_all_sources,1,2026-08-25 16:26:16
sh.688360,empty_from_all_sources,1,2026-08-25 16:26:16
sh.688363,empty_from_all_sources,1,2026-08-25 16:26:16
sh.688365,empty_from_all_sources,1,2026-08-25 16:26:16
sh.688366,empty_from_all_sources,1,2026-08-25 16:26:16
sh.688367,empty_from_all_sources,1,2026-08-25 16:26:16
sh.688368,empty_from_all_sources,1,2026-08-25 16:26:16
sh.688369,empty_from_all_sources,1,2026-08-25 16:26:16
sh.688370,empty_from_all_sources,1,2026-08-25 16:26:16
sh.688371,empty_from_all_sources,1,2026-08-25 16:26:16
sh.688372,empty_from_all_sources,1,2026-08-25 16:26:16
sh.688373,empty_from_all_sources,1,2026-08-25 16:26:16
sh.688375,empty_from_all_sources,1,2026-08-25 16:26:16
sh.688376,empty_from_all_sources,1,2026-08-25 16:26:16
sh.688377,empty_from_all_sources,1,2026-08-25 16:26:16
sh.688378,empty_from_all_sources,1,2026-08-25 16:26:16
sh.688379,empty_from_all_sources,1,2026-08-25 16:26:16
sh.688380,empty_from_all_sources,1,2026-08-25 16:26:16
sh.688381,empty_from_all_sources,1,2026-08-25 16:26:16
sh.688382,empty_from_all_sources,1,2026-08-25 16:26:16
sh.688383,empty_from_all_sources,1,2026-08-25 16:26:16
sh.688385,empty_from_all_sources,1,2026-08-25 16:26:16
sh.688386,empty_from_all_sources,1,2026-08-25 16:26:16
sh.688387,empty_from_all_sources,1,2026-08-25 16:26:16
sh.688388,empty_from_all_sources,1,2026-08-25 16:26:16
sh.688389,empty_from_all_sources,1,2026-08-25 16:26:16
sh.688390,empty_from_all_sources,1,2026-08-25 16:26:16
sh.688391,empty_from_all_sources,1,2026-08-25 16:26:16
sh.688392,empty_from_all_sources,1,2026-08-25 16:26:16
sh.688393,empty_from_all_sources,1,2026-08-25 16:26:16
sh.688395,empty_from_all_sources,1,2026-08-25 16:26:16
sh.688398,empty_from_all_sources,1,2026-08-25 16:26:16
sh.688399,empty_from_all_sources,1,2026-08-25 16:26:16
sh.688400,empty_from_all_sources,1,2026-08-25 16:26:16
sh.688401,empty_from_all_sources,1,2026-08-25 16:26:16
sh.688408,empty_from_all_sources,1,2026-08-25 16:26:16
sh.688410,empty_from_all_sources,1,2026-08-25 16:26:16
sh.688411,empty_from_all_sources,1,2026-08-25 16:26:16
sh.688416,empty_from_all_sources,1,2026-08-25 16:26:16
sh.688418,empty_from_all_sources,1,2026-08-25 16:26:16
sh.688419,empty_from_all_sources,1,2026-08-25 16:26:16
sh.688420,empty_from_all_sources,1,2026-08-25 16:26:16
sh.688425,empty_from_all_sources,1,2026-08-25 16:26:16
sh.688426,empty_from_all_sources,1,2026-08-25 16:26:16
sh.688428,empty_from_all_sources,1,2026-08-25 16:26:16
sh.688429,empty_from_all_sources,1,2026-08-25 16:26:16
sh.688433,empty_from_all_sources,1,2026-08-25 16:26:16
sh.688435,empty_from_all_sources,1,2026-08-25 16:26:16
sh.688439,empty_from_all_sources,1,2026-08-25 16:26:16
sh.688443,empty_from_all_sources,1,2026-08-25 16:26:16
sh.688448,empty_from_all_sources,1,2026-08-25 16:26:16
sh.688449,empty_from_all_sources,1,2026-08-25 16:26:16
sh.688450,empty_from_all_sources,1,2026-08-25 16:26:16
sh.688455,empty_from_all_sources,1,2026-08-25 16:26:16
sh.688456,empty_from_all_sources,1,2026-08-25 16:26:16
sh.688458,empty_from_all_sources,1,2026-08-25 16:26:16
sh.688459,empty_from_all_sources,1,2026-08-25 16:26:16
sh.688466,empty_from_all_sources,1,2026-08-25 16:26:16
sh.688468,empty_from_all_sources,1,2026-08-25 16:26:16
sh.688469,empty_from_all_sources,1,2026-08-25 16:26:16
sh.688472,empty_from_all_sources,1,2026-08-25 16:26:16
sh.688475,empty_from_all_sources,1,2026-08-25 16:26:16
sh.688478,empty_from_all_sources,1,2026-08-25 16:26:16
sh.688479,empty_from_all_sources,1,2026-08-25 16:26:16
sh.688480,empty_from_all_sources,1,2026-08-25 16:26:16
sh.688484,empty_from_all_sources,1,2026-08-25 16:26:16
sh.688485,empty_from_all_sources,1,2026-08-25 16:26:16
sh.688486,empty_from_all_sources,1,2026-08-25 16:26:16
sh.688488,empty_from_all_sources,1,2026-08-25 16:26:16
sh.688489,empty_from_all_sources,1,2026-08-25 16:26:16
sh.688496,empty_from_all_sources,1,2026-08-25 16:26:16
sh.688499,empty_from_all_sources,1,2026-08-25 16:26:16
sh.688500,empty_from_all_sources,1,2026-08-25 16:26:16
sh.688501,empty_from_all_sources,1,2026-08-25 16:26:16
sh.688502,empty_from_all_sources,1,2026-08-25 16:26:16
sh.688505,empty_from_all_sources,1,2026-08-25 16:26:16
sh.688506,empty_from_all_sources,1,2026-08-25 16:26:16
sh.688508,empty_from_all_sources,1,2026-08-25 16:26:16
sh.688509,empty_from_all_sources,1,2026-08-25 16:26:16
sh.688510,empty_from_all_sources,1,2026-08-25 16:26:16
sh.688511,empty_from_all_sources,1,2026-08-25 16:26:16
sh.688512,empty_from_all_sources,1,2026-08-25 16:26:16
sh.688513,empty_from_all_sources,1,2026-08-25 16:26:16
sh.688516,empty_from_all_sources,1,2026-08-25 16:26:16
sh.688517,empty_from_all_sources,1,2026-08-25 16:26:16
sh.688518,empty_from_all_sources,1,2026-08-25 16:26:16
sh.688519,empty_from_all_sources,1,2026-08-25 16:26:17
sh.688520,empty_from_all_sources,1,2026-08-25 16:26:17
sh.688522,empty_from_all_sources,1,2026-08-25 16:26:17
sh.688523,empty_from_all_sources,1,2026-08-25 16:26:17
sh.688526,empty_from_all_sources,1,2026-08-25 16:26:17
sh.688528,empty_from_all_sources,1,2026-08-25 16:26:17
sh.688529,empty_from_all_sources,1,2026-08-25 16:26:17
sh.688530,empty_from_all_sources,1,2026-08-25 16:26:17
sh.688531,empty_from_all_sources,1,2026-08-25 16:26:17
sh.688533,empty_from_all_sources,1,2026-08-25 16:26:17
sh.688536,empty_from_all_sources,1,2026-08-25 16:26:17
sh.688538,empty_from_all_sources,1,2026-08-25 16:26:17
sh.688539,empty_from_all_sources,1,2026-08-25 16:26:17
sh.688543,empty_from_all_sources,1,2026-08-25 16:26:17
sh.688550,empty_from_all_sources,1,2026-08-25 16:26:17
sh.688551,empty_from_all_sources,1,2026-08-25 16:26:17
sh.688552,empty_from_all_sources,1,2026-08-25 16:26:17
sh.688553,empty_from_all_sources,1,2026-08-25 16:26:17
sh.688556,empty_from_all_sources,1,2026-08-25 16:26:17
sh.688557,empty_from_all_sources,1,2026-08-25 16:26:17
sh.688558,empty_from_all_sources,1,2026-08-25 16:26:17
sh.688559,empty_from_all_sources,1,2026-08-25 16:26:17
sh.688560,empty_from_all_sources,1,2026-08-25 16:26:17
sh.688561,empty_from_all_sources,1,2026-08-25 16:26:17
sh.688562,empty_from_all_sources,1,2026-08-25 16:26:17
sh.688563,empty_from_all_sources,1,2026-08-25 16:26:17
sh.688565,empty_from_all_sources,1,2026-08-25 16:26:17
sh.688566,empty_from_all_sources,1,2026-08-25 16:26:17
sh.688567,empty_from_all_sources,1,2026-08-25 16:26:17
sh.688568,empty_from_all_sources,1,2026-08-25 16:26:17
sh.688569,empty_from_all_sources,1,2026-08-25 16:26:17
sh.688570,empty_from_all_sources,1,2026-08-25 16:26:17
sh.688571,empty_from_all_sources,1,2026-08-25 16:26:17
sh.688573,empty_from_all_sources,1,2026-08-25 16:26:17
sh.688575,empty_from_all_sources,1,2026-08-25 16:26:17
sh.688576,empty_from_all_sources,1,2026-08-25 16:26:17
sh.688577,empty_from_all_sources,1,2026-08-25 16:26:17
sh.688578,empty_from_all_sources,1,2026-08-25 16:26:17
sh.688579,empty_from_all_sources,1,2026-08-25 16:26:17
sh.688580,empty_from_all_sources,1,2026-08-25 16:26:17
sh.688581,empty_from_all_sources,1,2026-08-25 16:26:17
sh.688582,empty_from_all_sources,1,2026-08-25 16:26:17
sh.688583,empty_from_all_sources,1,2026-08-25 16:26:17
sh.688585,empty_from_all_sources,1,2026-08-25 16:26:17
sh.688586,empty_from_all_sources,1,2026-08-25 16:26:17
sh.688588,empty_from_all_sources,1,2026-08-25 16:26:17
sh.688589,empty_from_all_sources,1,2026-08-25 16:26:17
sh.688590,empty_from_all_sources,1,2026-08-25 16:26:17
sh.688591,empty_from_all_sources,1,2026-08-25 16:26:17
sh.688592,empty_from_all_sources,1,2026-08-25 16:26:17
sh.688593,empty_from_all_sources,1,2026-08-25 16:26:17
sh.688595,empty_from_all_sources,1,2026-08-25 16:26:17
sh.688597,empty_from_all_sources,1,2026-08-25 16:26:17
sh.688598,empty_from_all_sources,1,2026-08-25 16:26:17
sh.688599,empty_from_all_sources,1,2026-08-25 16:26:17
sh.688600,empty_from_all_sources,1,2026-08-25 16:26:17
sh.688601,empty_from_all_sources,1,2026-08-25 16:26:17
sh.688602,empty_from_all_sources,1,2026-08-25 16:26:17
sh.688603,empty_from_all_sources,1,2026-08-25 16:26:17
sh.688605,empty_from_all_sources,1,2026-08-25 16:26:17
sh.688606,empty_from_all_sources,1,2026-08-25 16:26:17
sh.688607,empty_from_all_sources,1,2026-08-25 16:26:17
sh.688608,empty_from_all_sources,1,2026-08-25 16:26:17
sh.688609,empty_from_all_sources,1,2026-08-25 16:26:17
sh.688610,empty_from_all_sources,1,2026-08-25 16:26:17
sh.688611,empty_from_all_sources,1,2026-08-25 16:26:17
sh.688612,empty_from_all_sources,1,2026-08-25 16:26:17
sh.688613,empty_from_all_sources,1,2026-08-25 16:26:17
sh.688615,empty_from_all_sources,1,2026-08-25 16:26:17
sh.688616,empty_from_all_sources,1,2026-08-25 16:26:17
sh.688617,empty_from_all_sources,1,2026-08-25 16:26:17
sh.688618,empty_from_all_sources,1,2026-08-25 16:26:17
sh.688619,empty_from_all_sources,1,2026-08-25 16:26:17
sh.688620,empty_from_all_sources,1,2026-08-25 16:26:17
sh.688621,empty_from_all_sources,1,2026-08-25 16:26:17
sh.688622,empty_from_all_sources,1,2026-08-25 16:26:17
sh.688623,empty_from_all_sources,1,2026-08-25 16:26:17
sh.688625,empty_from_all_sources,1,2026-08-25 16:26:17
sh.688626,empty_from_all_sources,1,2026-08-25 16:26:17
sh.688628,empty_from_all_sources,1,2026-08-25 16:26:17
sh.688631,empty_from_all_sources,1,2026-08-25 16:26:17
sh.688633,empty_from_all_sources,1,2026-08-25 16:26:17
sh.688635,empty_from_all_sources,1,2026-08-25 16:26:17
sh.688636,empty_from_all_sources,1,2026-08-25 16:26:17
sh.688638,empty_from_all_sources,1,2026-08-25 16:26:17
sh.688639,empty_from_all_sources,1,2026-08-25 16:26:17
sh.688646,empty_from_all_sources,1,2026-08-25 16:26:17
sh.688648,empty_from_all_sources,1,2026-08-25 16:26:17
sh.688651,empty_from_all_sources,1,2026-08-25 16:26:17
sh.688653,empty_from_all_sources,1,2026-08-25 16:26:17
sh.688655,empty_from_all_sources,1,2026-08-25 16:26:17
sh.688656,empty_from_all_sources,1,2026-08-25 16:26:17
sh.688657,empty_from_all_sources,1,2026-08-25 16:26:17
sh.688658,empty_from_all_sources,1,2026-08-25 16:26:17
sh.688659,empty_from_all_sources,1,2026-08-25 16:26:17
sh.688660,empty_from_all_sources,1,2026-08-25 16:26:17
sh.688661,empty_from_all_sources,1,2026-08-25 16:26:17
sh.688662,empty_from_all_sources,1,2026-08-25 16:26:17
sh.688663,empty_from_all_sources,1,2026-08-25 16:26:17
sh.688665,empty_from_all_sources,1,2026-08-25 16:26:17
sh.688667,empty_from_all_sources,1,2026-08-25 16:26:17
sh.688669,empty_from_all_sources,1,2026-08-25 16:26:17
sh.688670,empty_from_all_sources,1,2026-08-25 16:26:17
sh.688671,empty_from_all_sources,1,2026-08-25 16:26:17
sh.688676,empty_from_all_sources,1,2026-08-25 16:26:17
sh.688677,empty_from_all_sources,1,2026-08-25 16:26:17
sh.688678,empty_from_all_sources,1,2026-08-25 16:26:17
sh.688679,empty_from_all_sources,1,2026-08-25 16:26:17
sh.688680,empty_from_all_sources,1,2026-08-25 16:26:17
sh.688681,empty_from_all_sources,1,2026-08-25 16:26:17
sh.688682,empty_from_all_sources,1,2026-08-25 16:26:17
sh.688683,empty_from_all_sources,1,2026-08-25 16:26:17
sh.688685,empty_from_all_sources,1,2026-08-25 16:26:17
sh.688686,empty_from_all_sources,1,2026-08-25 16:26:17
sh.688687,empty_from_all_sources,1,2026-08-25 16:26:17
sh.688689,empty_from_all_sources,1,2026-08-25 16:26:17
sh.688690,empty_from_all_sources,1,2026-08-25 16:26:17
sh.688691,empty_from_all_sources,1,2026-08-25 16:26:17
sh.688692,empty_from_all_sources,1,2026-08-25 16:26:17
sh.688693,empty_from_all_sources,1,2026-08-25 16:26:17
sh.688695,empty_from_all_sources,1,2026-08-25 16:26:17
sh.688696,empty_from_all_sources,1,2026-08-25 16:26:17
sh.688697,empty_from_all_sources,1,2026-08-25 16:26:17
sh.688698,empty_from_all_sources,1,2026-08-25 16:26:17
sh.688699,empty_from_all_sources,1,2026-08-25 16:26:17
sh.688700,empty_from_all_sources,1,2026-08-25 16:26:17
sh.688701,empty_from_all_sources,1,2026-08-25 16:26:17
sh.688707,empty_from_all_sources,1,2026-08-25 16:26:17
sh.688708,empty_from_all_sources,1,2026-08-25 16:26:17
sh.688709,empty_from_all_sources,1,2026-08-25 16:26:17
sh.688710,empty_from_all_sources,1,2026-08-25 16:26:17
sh.688711,empty_from_all_sources,1,2026-08-25 16:26:17
sh.688712,empty_from_all_sources,1,2026-08-25 16:26:17
sh.688716,empty_from_all_sources,1,2026-08-25 16:26:17
sh.688717,empty_from_all_sources,1,2026-08-25 16:26:17
sh.688718,empty_from_all_sources,1,2026-08-25 16:26:17
sh.688719,empty_from_all_sources,1,2026-08-25 16:26:17
sh.688720,empty_from_all_sources,1,2026-08-25 16:26:17
sh.688721,empty_from_all_sources,1,2026-08-25 16:26:17
sh.688722,empty_from_all_sources,1,2026-08-25 16:26:17
sh.688726,empty_from_all_sources,1,2026-08-25 16:26:17
sh.688727,empty_from_all_sources,1,2026-08-25 16:26:17
sh.688728,empty_from_all_sources,1,2026-08-25 16:26:17
sh.688729,empty_from_all_sources,1,2026-08-25 16:26:17
sh.688733,empty_from_all_sources,1,2026-08-25 16:26:17
sh.688737,empty_from_all_sources,1,2026-08-25 16:26:17
sh.688739,empty_from_all_sources,1,2026-08-25 16:26:17
sh.688750,empty_from_all_sources,1,2026-08-25 16:26:17
sh.688755,empty_from_all_sources,1,2026-08-25 16:26:17
sh.688757,empty_from_all_sources,1,2026-08-25 16:26:17
sh.688758,empty_from_all_sources,1,2026-08-25 16:26:17
sh.688759,empty_from_all_sources,1,2026-08-25 16:26:17
sh.688765,empty_from_all_sources,1,2026-08-25 16:26:17
sh.688766,empty_from_all_sources,1,2026-08-25 16:26:17
sh.688767,empty_from_all_sources,1,2026-08-25 16:26:17
sh.688768,empty_from_all_sources,1,2026-08-25 16:26:17
sh.688772,empty_from_all_sources,1,2026-08-25 16:26:17
sh.688775,empty_from_all_sources,1,2026-08-25 16:26:17
sh.688776,empty_from_all_sources,1,2026-08-25 16:26:17
sh.688777,empty_from_all_sources,1,2026-08-25 16:26:17
sh.688778,empty_from_all_sources,1,2026-08-25 16:26:17
sh.688779,empty_from_all_sources,1,2026-08-25 16:26:17
sh.688781,empty_from_all_sources,1,2026-08-25 16:26:17
sh.688783,empty_from_all_sources,1,2026-08-25 16:26:17
sh.688785,empty_from_all_sources,1,2026-08-25 16:26:17
sh.688786,empty_from_all_sources,1,2026-08-25 16:26:17
sh.688787,empty_from_all_sources,1,2026-08-25 16:26:17
sh.688788,empty_from_all_sources,1,2026-08-25 16:26:17
sh.688789,empty_from_all_sources,1,2026-08-25 16:26:17
sh.688790,empty_from_all_sources,1,2026-08-25 16:26:17
sh.688793,empty_from_all_sources,1,2026-08-25 16:26:17
sh.688795,empty_from_all_sources,1,2026-08-25 16:26:17
sh.688796,empty_from_all_sources,1,2026-08-25 16:26:17
sh.688798,empty_from_all_sources,1,2026-08-25 16:26:17
sh.688799,empty_from_all_sources,1,2026-08-25 16:26:17
sh.688800,empty_from_all_sources,1,2026-08-25 16:26:17
sh.688802,empty_from_all_sources,1,2026-08-25 16:26:17
sh.688805,empty_from_all_sources,1,2026-08-25 16:26:17
sh.688807,empty_from_all_sources,1,2026-08-25 16:26:17
sh.688808,empty_from_all_sources,1,2026-08-25 16:26:17
sh.688809,empty_from_all_sources,1,2026-08-25 16:26:17
sh.688811,empty_from_all_sources,1,2026-08-25 16:26:17
sh.688813,empty_from_all_sources,1,2026-08-25 16:26:17
sh.688816,empty_from_all_sources,1,2026-08-25 16:26:17
sh.688818,empty_from_all_sources,1,2026-08-25 16:26:17
sh.688819,empty_from_all_sources,1,2026-08-25 16:26:17
sh.688820,empty_from_all_sources,1,2026-08-25 16:26:17
sh.688981,empty_from_all_sources,1,2026-08-25 16:26:17
sh.689009,empty_from_all_sources,1,2026-08-25 16:26:17
sz.000001,empty_from_all_sources,1,2026-08-25 16:26:17
sz.000002,empty_from_all_sources,1,2026-08-25 16:26:17
sz.000006,empty_from_all_sources,1,2026-08-25 16:26:17
sz.000007,empty_from_all_sources,1,2026-08-25 16:26:17
sz.000008,empty_from_all_sources,1,2026-08-25 16:26:17
sz.000009,empty_from_all_sources,1,2026-08-25 16:26:17
sz.000010,empty_from_all_sources,1,2026-08-25 16:26:17
sz.000011,empty_from_all_sources,1,2026-08-25 16:26:17
sz.000012,empty_from_all_sources,1,2026-08-25 16:26:17
sz.000014,empty_from_all_sources,1,2026-08-25 16:26:17
sz.000017,empty_from_all_sources,1,2026-08-25 16:26:17
sz.000019,empty_from_all_sources,1,2026-08-25 16:26:17
sz.000020,empty_from_all_sources,1,2026-08-25 16:26:17
sz.000021,empty_from_all_sources,1,2026-08-25 16:26:17
sz.000025,empty_from_all_sources,1,2026-08-25 16:26:17
sz.000026,empty_from_all_sources,1,2026-08-25 16:26:17
sz.000027,empty_from_all_sources,1,2026-08-25 16:26:17
sz.000028,empty_from_all_sources,1,2026-08-25 16:26:17
sz.000029,empty_from_all_sources,1,2026-08-25 16:26:17
sz.000030,empty_from_all_sources,1,2026-08-25 16:26:18
sz.000031,empty_from_all_sources,1,2026-08-25 16:26:18
sz.000032,empty_from_all_sources,1,2026-08-25 16:26:18
sz.000034,empty_from_all_sources,1,2026-08-25 16:26:18
sz.000035,empty_from_all_sources,1,2026-08-25 16:26:18
sz.000036,empty_from_all_sources,1,2026-08-25 16:26:18
sz.000037,empty_from_all_sources,1,2026-08-25 16:26:18
sz.000039,empty_from_all_sources,1,2026-08-25 16:26:18
sz.000042,empty_from_all_sources,1,2026-08-25 16:26:18
sz.000045,empty_from_all_sources,1,2026-08-25 16:26:18
sz.000048,empty_from_all_sources,1,2026-08-25 16:26:18
sz.000049,empty_from_all_sources,1,2026-08-25 16:26:18
sz.000050,empty_from_all_sources,1,2026-08-25 16:26:18
sz.000055,empty_from_all_sources,1,2026-08-25 16:26:18
sz.000056,empty_from_all_sources,1,2026-08-25 16:26:18
sz.000058,empty_from_all_sources,1,2026-08-25 16:26:18
sz.000059,empty_from_all_sources,1,2026-08-25 16:26:18
sz.000060,empty_from_all_sources,1,2026-08-25 16:26:18
sz.000061,empty_from_all_sources,1,2026-08-25 16:26:18
sz.000062,empty_from_all_sources,1,2026-08-25 16:26:18
sz.000063,empty_from_all_sources,1,2026-08-25 16:26:18
sz.000065,empty_from_all_sources,1,2026-08-25 16:26:18
sz.000066,empty_from_all_sources,1,2026-08-25 16:26:18
sz.000068,empty_from_all_sources,1,2026-08-25 16:26:18
sz.000069,empty_from_all_sources,1,2026-08-25 16:26:18
sz.000070,empty_from_all_sources,1,2026-08-25 16:26:18
sz.000078,empty_from_all_sources,1,2026-08-25 16:26:18
sz.000088,empty_from_all_sources,1,2026-08-25 16:26:18
sz.000089,empty_from_all_sources,1,2026-08-25 16:26:18
sz.000090,empty_from_all_sources,1,2026-08-25 16:26:18
sz.000096,empty_from_all_sources,1,2026-08-25 16:26:18
sz.000099,empty_from_all_sources,1,2026-08-25 16:26:18
sz.000100,empty_from_all_sources,1,2026-08-25 16:26:18
sz.000151,empty_from_all_sources,1,2026-08-25 16:26:18
sz.000153,empty_from_all_sources,1,2026-08-25 16:26:18
sz.000155,empty_from_all_sources,1,2026-08-25 16:26:18
sz.000156,empty_from_all_sources,1,2026-08-25 16:26:18
sz.000157,empty_from_all_sources,1,2026-08-25 16:26:18
sz.000158,empty_from_all_sources,1,2026-08-25 16:26:18
sz.000159,empty_from_all_sources,1,2026-08-25 16:26:18
sz.000166,empty_from_all_sources,1,2026-08-25 16:26:18
sz.000301,empty_from_all_sources,1,2026-08-25 16:26:18
sz.000333,empty_from_all_sources,1,2026-08-25 16:26:18
sz.000338,empty_from_all_sources,1,2026-08-25 16:26:18
sz.000400,empty_from_all_sources,1,2026-08-25 16:26:18
sz.000401,empty_from_all_sources,1,2026-08-25 16:26:18
sz.000402,empty_from_all_sources,1,2026-08-25 16:26:18
sz.000403,empty_from_all_sources,1,2026-08-25 16:26:18
sz.000404,empty_from_all_sources,1,2026-08-25 16:26:18
sz.000407,empty_from_all_sources,1,2026-08-25 16:26:18
sz.000408,empty_from_all_sources,1,2026-08-25 16:26:18
sz.000409,empty_from_all_sources,1,2026-08-25 16:26:18
sz.000410,empty_from_all_sources,1,2026-08-25 16:26:18
sz.000411,empty_from_all_sources,1,2026-08-25 16:26:18
sz.000415,empty_from_all_sources,1,2026-08-25 16:26:18
sz.000417,empty_from_all_sources,1,2026-08-25 16:26:18
sz.000419,empty_from_all_sources,1,2026-08-25 16:26:18
sz.000420,empty_from_all_sources,1,2026-08-25 16:26:18
sz.000421,empty_from_all_sources,1,2026-08-25 16:26:18
sz.000422,empty_from_all_sources,1,2026-08-25 16:26:18
sz.000423,empty_from_all_sources,1,2026-08-25 16:26:18
sz.000425,empty_from_all_sources,1,2026-08-25 16:26:18
sz.000426,empty_from_all_sources,1,2026-08-25 16:26:18
sz.000428,empty_from_all_sources,1,2026-08-25 16:26:18
sz.000429,empty_from_all_sources,1,2026-08-25 16:26:18
sz.000430,empty_from_all_sources,1,2026-08-25 16:26:18
sz.000488,empty_from_all_sources,1,2026-08-25 16:26:18
sz.000498,empty_from_all_sources,1,2026-08-25 16:26:18
sz.000501,empty_from_all_sources,1,2026-08-25 16:26:18
sz.000503,empty_from_all_sources,1,2026-08-25 16:26:18
sz.000504,empty_from_all_sources,1,2026-08-25 16:26:18
sz.000505,empty_from_all_sources,1,2026-08-25 16:26:18
sz.000506,empty_from_all_sources,1,2026-08-25 16:26:18
sz.000507,empty_from_all_sources,1,2026-08-25 16:26:18
sz.000509,empty_from_all_sources,1,2026-08-25 16:26:18
sz.000510,empty_from_all_sources,1,2026-08-25 16:26:18
sz.000513,empty_from_all_sources,1,2026-08-25 16:26:18
sz.000514,empty_from_all_sources,1,2026-08-25 16:26:18
sz.000516,empty_from_all_sources,1,2026-08-25 16:26:18
sz.000517,empty_from_all_sources,1,2026-08-25 16:26:18
sz.000518,empty_from_all_sources,1,2026-08-25 16:26:18
sz.000519,empty_from_all_sources,1,2026-08-25 16:26:18
sz.000520,empty_from_all_sources,1,2026-08-25 16:26:18
sz.000521,empty_from_all_sources,1,2026-08-25 16:26:18
sz.000523,empty_from_all_sources,1,2026-08-25 16:26:18
sz.000524,empty_from_all_sources,1,2026-08-25 16:26:18
sz.000525,empty_from_all_sources,1,2026-08-25 16:26:18
sz.000526,empty_from_all_sources,1,2026-08-25 16:26:18
sz.000528,empty_from_all_sources,1,2026-08-25 16:26:18
sz.000529,empty_from_all_sources,1,2026-08-25 16:26:18
sz.000530,empty_from_all_sources,1,2026-08-25 16:26:18
sz.000531,empty_from_all_sources,1,2026-08-25 16:26:18
sz.000532,empty_from_all_sources,1,2026-08-25 16:26:18
sz.000533,empty_from_all_sources,1,2026-08-25 16:26:18
sz.000534,empty_from_all_sources,1,2026-08-25 16:26:18
sz.000536,empty_from_all_sources,1,2026-08-25 16:26:18
sz.000537,empty_from_all_sources,1,2026-08-25 16:26:18
sz.000538,empty_from_all_sources,1,2026-08-25 16:26:18
sz.000539,empty_from_all_sources,1,2026-08-25 16:26:18
sz.000541,empty_from_all_sources,1,2026-08-25 16:26:18
sz.000545,empty_from_all_sources,1,2026-08-25 16:26:18
sz.000546,empty_from_all_sources,1,2026-08-25 16:26:18
sz.000547,empty_from_all_sources,1,2026-08-25 16:26:18
sz.000548,empty_from_all_sources,1,2026-08-25 16:26:18
sz.000550,empty_from_all_sources,1,2026-08-25 16:26:18
sz.000551,empty_from_all_sources,1,2026-08-25 16:26:18
sz.000552,empty_from_all_sources,1,2026-08-25 16:26:18
sz.000553,empty_from_all_sources,1,2026-08-25 16:26:18
sz.000554,empty_from_all_sources,1,2026-08-25 16:26:18
sz.000555,empty_from_all_sources,1,2026-08-25 16:26:18
sz.000557,empty_from_all_sources,1,2026-08-25 16:26:18
sz.000560,empty_from_all_sources,1,2026-08-25 16:26:18
sz.000561,empty_from_all_sources,1,2026-08-25 16:26:18
sz.000563,empty_from_all_sources,1,2026-08-25 16:26:18
sz.000564,empty_from_all_sources,1,2026-08-25 16:26:18
sz.000565,empty_from_all_sources,1,2026-08-25 16:26:18
sz.000566,empty_from_all_sources,1,2026-08-25 16:26:18
sz.000567,empty_from_all_sources,1,2026-08-25 16:26:18
sz.000568,empty_from_all_sources,1,2026-08-25 16:26:18
sz.000570,empty_from_all_sources,1,2026-08-25 16:26:18
sz.000571,empty_from_all_sources,1,2026-08-25 16:26:18
sz.000572,empty_from_all_sources,1,2026-08-25 16:26:18
sz.000573,empty_from_all_sources,1,2026-08-25 16:26:18
sz.000576,empty_from_all_sources,1,2026-08-25 16:26:18
sz.000581,empty_from_all_sources,1,2026-08-25 16:26:18
sz.000582,empty_from_all_sources,1,2026-08-25 16:26:18
sz.000586,empty_from_all_sources,1,2026-08-25 16:26:18
sz.000589,empty_from_all_sources,1,2026-08-25 16:26:18
sz.000590,empty_from_all_sources,1,2026-08-25 16:26:18
sz.000591,empty_from_all_sources,1,2026-08-25 16:26:18
sz.000592,empty_from_all_sources,1,2026-08-25 16:26:18
sz.000593,empty_from_all_sources,1,2026-08-25 16:26:18
sz.000595,empty_from_all_sources,1,2026-08-25 16:26:18
sz.000596,empty_from_all_sources,1,2026-08-25 16:26:18
sz.000597,empty_from_all_sources,1,2026-08-25 16:26:18
sz.000598,empty_from_all_sources,1,2026-08-25 16:26:18
sz.000599,empty_from_all_sources,1,2026-08-25 16:26:18
sz.000600,empty_from_all_sources,1,2026-08-25 16:26:18
sz.000601,empty_from_all_sources,1,2026-08-25 16:26:19
sz.000603,empty_from_all_sources,1,2026-08-25 16:26:19
sz.000605,empty_from_all_sources,1,2026-08-25 16:26:19
sz.000607,empty_from_all_sources,1,2026-08-25 16:26:19
sz.000608,empty_from_all_sources,1,2026-08-25 16:26:19
sz.000609,empty_from_all_sources,1,2026-08-25 16:26:19
sz.000610,empty_from_all_sources,1,2026-08-25 16:26:19
sz.000612,empty_from_all_sources,1,2026-08-25 16:26:19
sz.000615,empty_from_all_sources,1,2026-08-25 16:26:19
sz.000617,empty_from_all_sources,1,2026-08-25 16:26:19
sz.000619,empty_from_all_sources,1,2026-08-25 16:26:19
sz.000620,empty_from_all_sources,1,2026-08-25 16:26:19
sz.000623,empty_from_all_sources,1,2026-08-25 16:26:19
sz.000625,empty_from_all_sources,1,2026-08-25 16:26:19
sz.000626,empty_from_all_sources,1,2026-08-25 16:26:19
sz.000628,empty_from_all_sources,1,2026-08-25 16:26:19
sz.000629,empty_from_all_sources,1,2026-08-25 16:26:19
sz.000630,empty_from_all_sources,1,2026-08-25 16:26:19
sz.000631,empty_from_all_sources,1,2026-08-25 16:26:19
sz.000632,empty_from_all_sources,1,2026-08-25 16:26:19
sz.000633,empty_from_all_sources,1,2026-08-25 16:26:19
sz.000635,empty_from_all_sources,1,2026-08-25 16:26:19
sz.000636,empty_from_all_sources,1,2026-08-25 16:26:19
sz.000637,empty_from_all_sources,1,2026-08-25 16:26:19
sz.000639,empty_from_all_sources,1,2026-08-25 16:26:19
sz.000650,empty_from_all_sources,1,2026-08-25 16:26:19
sz.000651,empty_from_all_sources,1,2026-08-25 16:26:19
sz.000652,empty_from_all_sources,1,2026-08-25 16:26:19
sz.000655,empty_from_all_sources,1,2026-08-25 16:26:19
sz.000656,empty_from_all_sources,1,2026-08-25 16:26:19
sz.000657,empty_from_all_sources,1,2026-08-25 16:26:19
sz.000659,empty_from_all_sources,1,2026-08-25 16:26:19
sz.000661,empty_from_all_sources,1,2026-08-25 16:26:19
sz.000663,empty_from_all_sources,1,2026-08-25 16:26:19
sz.000665,empty_from_all_sources,1,2026-08-25 16:26:19
sz.000668,empty_from_all_sources,1,2026-08-25 16:26:19
sz.000669,empty_from_all_sources,1,2026-08-25 16:26:19
sz.000670,empty_from_all_sources,1,2026-08-25 16:26:19
sz.000672,empty_from_all_sources,1,2026-08-25 16:26:19
sz.000676,empty_from_all_sources,1,2026-08-25 16:26:19
sz.000677,empty_from_all_sources,1,2026-08-25 16:26:19
sz.000678,empty_from_all_sources,1,2026-08-25 16:26:19
sz.000679,empty_from_all_sources,1,2026-08-25 16:26:19
sz.000680,empty_from_all_sources,1,2026-08-25 16:26:19
sz.000681,empty_from_all_sources,1,2026-08-25 16:26:19
sz.000682,empty_from_all_sources,1,2026-08-25 16:26:19
sz.000683,empty_from_all_sources,1,2026-08-25 16:26:19
sz.000685,empty_from_all_sources,1,2026-08-25 16:26:19
sz.000686,empty_from_all_sources,1,2026-08-25 16:26:19
sz.000688,empty_from_all_sources,1,2026-08-25 16:26:19
sz.000690,empty_from_all_sources,1,2026-08-25 16:26:19
sz.000691,empty_from_all_sources,1,2026-08-25 16:26:19
sz.000692,empty_from_all_sources,1,2026-08-25 16:26:19
sz.000695,empty_from_all_sources,1,2026-08-25 16:26:19
sz.000697,empty_from_all_sources,1,2026-08-25 16:26:19
sz.000698,empty_from_all_sources,1,2026-08-25 16:26:19
sz.000700,empty_from_all_sources,1,2026-08-25 16:26:19
sz.000701,empty_from_all_sources,1,2026-08-25 16:26:19
sz.000702,empty_from_all_sources,1,2026-08-25 16:26:19
sz.000703,empty_from_all_sources,1,2026-08-25 16:26:19
sz.000705,empty_from_all_sources,1,2026-08-25 16:26:19
sz.000707,empty_from_all_sources,1,2026-08-25 16:26:19
sz.000708,empty_from_all_sources,1,2026-08-25 16:26:19
sz.000709,empty_from_all_sources,1,2026-08-25 16:26:19
sz.000710,empty_from_all_sources,1,2026-08-25 16:26:19
sz.000711,empty_from_all_sources,1,2026-08-25 16:26:19
sz.000712,empty_from_all_sources,1,2026-08-25 16:26:19
sz.000713,empty_from_all_sources,1,2026-08-25 16:26:19
sz.000715,empty_from_all_sources,1,2026-08-25 16:26:19
sz.000716,empty_from_all_sources,1,2026-08-25 16:26:19
sz.000717,empty_from_all_sources,1,2026-08-25 16:26:19
sz.000718,empty_from_all_sources,1,2026-08-25 16:26:19
sz.000719,empty_from_all_sources,1,2026-08-25 16:26:19
sz.000720,empty_from_all_sources,1,2026-08-25 16:26:19
sz.000721,empty_from_all_sources,1,2026-08-25 16:26:19
sz.000722,empty_from_all_sources,1,2026-08-25 16:26:19
sz.000723,empty_from_all_sources,1,2026-08-25 16:26:19
sz.000725,empty_from_all_sources,1,2026-08-25 16:26:19
sz.000726,empty_from_all_sources,1,2026-08-25 16:26:19
sz.000727,empty_from_all_sources,1,2026-08-25 16:26:19
sz.000728,empty_from_all_sources,1,2026-08-25 16:26:19
sz.000729,empty_from_all_sources,1,2026-08-25 16:26:19
sz.000731,empty_from_all_sources,1,2026-08-25 16:26:19
sz.000733,empty_from_all_sources,1,2026-08-25 16:26:19
sz.000735,empty_from_all_sources,1,2026-08-25 16:26:19
sz.000736,empty_from_all_sources,1,2026-08-25 16:26:19
sz.000737,empty_from_all_sources,1,2026-08-25 16:26:19
sz.000738,empty_from_all_sources,1,2026-08-25 16:26:19
sz.000739,empty_from_all_sources,1,2026-08-25 16:26:19
sz.000750,empty_from_all_sources,1,2026-08-25 16:26:19
sz.000751,empty_from_all_sources,1,2026-08-25 16:26:19
sz.000752,empty_from_all_sources,1,2026-08-25 16:26:19
sz.000753,empty_from_all_sources,1,2026-08-25 16:26:19
sz.000755,empty_from_all_sources,1,2026-08-25 16:26:19
sz.000756,empty_from_all_sources,1,2026-08-25 16:26:19
sz.000757,empty_from_all_sources,1,2026-08-25 16:26:19
sz.000758,empty_from_all_sources,1,2026-08-25 16:26:19
sz.000759,empty_from_all_sources,1,2026-08-25 16:26:19
sz.000761,empty_from_all_sources,1,2026-08-25 16:26:19
sz.000762,empty_from_all_sources,1,2026-08-25 16:26:19
sz.000766,empty_from_all_sources,1,2026-08-25 16:26:19
sz.000767,empty_from_all_sources,1,2026-08-25 16:26:19
sz.000768,empty_from_all_sources,1,2026-08-25 16:26:19
sz.000776,empty_from_all_sources,1,2026-08-25 16:26:19
sz.000777,empty_from_all_sources,1,2026-08-25 16:26:19
sz.000778,empty_from_all_sources,1,2026-08-25 16:26:19
sz.000779,empty_from_all_sources,1,2026-08-25 16:26:19
sz.000782,empty_from_all_sources,1,2026-08-25 16:26:19
sz.000783,empty_from_all_sources,1,2026-08-25 16:26:19
sz.000785,empty_from_all_sources,1,2026-08-25 16:26:19
sz.000786,empty_from_all_sources,1,2026-08-25 16:26:19
sz.000788,empty_from_all_sources,1,2026-08-25 16:26:19
sz.000789,empty_from_all_sources,1,2026-08-25 16:26:19
sz.000790,empty_from_all_sources,1,2026-08-25 16:26:19
sz.000791,empty_from_all_sources,1,2026-08-25 16:26:19
sz.000792,empty_from_all_sources,1,2026-08-25 16:26:19
sz.000793,empty_from_all_sources,1,2026-08-25 16:26:19
sz.000795,empty_from_all_sources,1,2026-08-25 16:26:19
sz.000796,empty_from_all_sources,1,2026-08-25 16:26:19
sz.000797,empty_from_all_sources,1,2026-08-25 16:26:19
sz.000798,empty_from_all_sources,1,2026-08-25 16:26:19
sz.000799,empty_from_all_sources,1,2026-08-25 16:26:19
sz.000800,empty_from_all_sources,1,2026-08-25 16:26:19
sz.000801,empty_from_all_sources,1,2026-08-25 16:26:19
sz.000802,empty_from_all_sources,1,2026-08-25 16:26:19
sz.000803,empty_from_all_sources,1,2026-08-25 16:26:19
sz.000807,empty_from_all_sources,1,2026-08-25 16:26:19
sz.000809,empty_from_all_sources,1,2026-08-25 16:26:19
sz.000810,empty_from_all_sources,1,2026-08-25 16:26:19
sz.000811,empty_from_all_sources,1,2026-08-25 16:26:20
sz.000812,empty_from_all_sources,1,2026-08-25 16:26:20
sz.000813,empty_from_all_sources,1,2026-08-25 16:26:20
sz.000815,empty_from_all_sources,1,2026-08-25 16:26:20
sz.000816,empty_from_all_sources,1,2026-08-25 16:26:20
sz.000818,empty_from_all_sources,1,2026-08-25 16:26:20
sz.000819,empty_from_all_sources,1,2026-08-25 16:26:20
sz.000820,empty_from_all_sources,1,2026-08-25 16:26:20
sz.000821,empty_from_all_sources,1,2026-08-25 16:26:20
sz.000822,empty_from_all_sources,1,2026-08-25 16:26:20
sz.000823,empty_from_all_sources,1,2026-08-25 16:26:20
sz.000825,empty_from_all_sources,1,2026-08-25 16:26:20
sz.000826,empty_from_all_sources,1,2026-08-25 16:26:20
sz.000828,empty_from_all_sources,1,2026-08-25 16:26:20
sz.000829,empty_from_all_sources,1,2026-08-25 16:26:20
sz.000830,empty_from_all_sources,1,2026-08-25 16:26:20
sz.000831,empty_from_all_sources,1,2026-08-25 16:26:20
sz.000833,empty_from_all_sources,1,2026-08-25 16:26:20
sz.000837,empty_from_all_sources,1,2026-08-25 16:26:20
sz.000838,empty_from_all_sources,1,2026-08-25 16:26:20
sz.000839,empty_from_all_sources,1,2026-08-25 16:26:20
sz.000848,empty_from_all_sources,1,2026-08-25 16:26:20
sz.000850,empty_from_all_sources,1,2026-08-25 16:26:20
sz.000852,empty_from_all_sources,1,2026-08-25 16:26:20
sz.000856,empty_from_all_sources,1,2026-08-25 16:26:20
sz.000858,empty_from_all_sources,1,2026-08-25 16:26:20
sz.000859,empty_from_all_sources,1,2026-08-25 16:26:20
sz.000860,empty_from_all_sources,1,2026-08-25 16:26:20
sz.000862,empty_from_all_sources,1,2026-08-25 16:26:20
sz.000863,empty_from_all_sources,1,2026-08-25 16:26:20
sz.000868,empty_from_all_sources,1,2026-08-25 16:26:20
sz.000869,empty_from_all_sources,1,2026-08-25 16:26:20
sz.000875,empty_from_all_sources,1,2026-08-25 16:26:20
sz.000876,empty_from_all_sources,1,2026-08-25 16:26:20
sz.000877,empty_from_all_sources,1,2026-08-25 16:26:20
sz.000878,empty_from_all_sources,1,2026-08-25 16:26:20
sz.000880,empty_from_all_sources,1,2026-08-25 16:26:20
sz.000881,empty_from_all_sources,1,2026-08-25 16:26:20
sz.000882,empty_from_all_sources,1,2026-08-25 16:26:20
sz.000883,empty_from_all_sources,1,2026-08-25 16:26:20
sz.000885,empty_from_all_sources,1,2026-08-25 16:26:20
sz.000886,empty_from_all_sources,1,2026-08-25 16:26:20
sz.000887,empty_from_all_sources,1,2026-08-25 16:26:20
sz.000888,empty_from_all_sources,1,2026-08-25 16:26:20
sz.000889,empty_from_all_sources,1,2026-08-25 16:26:20
sz.000890,empty_from_all_sources,1,2026-08-25 16:26:20
sz.000892,empty_from_all_sources,1,2026-08-25 16:26:20
sz.000893,empty_from_all_sources,1,2026-08-25 16:26:20
sz.000895,empty_from_all_sources,1,2026-08-25 16:26:20
sz.000897,empty_from_all_sources,1,2026-08-25 16:26:20
sz.000898,empty_from_all_sources,1,2026-08-25 16:26:20
sz.000899,empty_from_all_sources,1,2026-08-25 16:26:20
sz.000900,empty_from_all_sources,1,2026-08-25 16:26:20
sz.000901,empty_from_all_sources,1,2026-08-25 16:26:20
sz.000902,empty_from_all_sources,1,2026-08-25 16:26:20
sz.000903,empty_from_all_sources,1,2026-08-25 16:26:20
sz.000905,empty_from_all_sources,1,2026-08-25 16:26:20
sz.000906,empty_from_all_sources,1,2026-08-25 16:26:20
sz.000908,empty_from_all_sources,1,2026-08-25 16:26:20
sz.000909,empty_from_all_sources,1,2026-08-25 16:26:20
sz.000910,empty_from_all_sources,1,2026-08-25 16:26:20
sz.000938,empty_from_all_sources,1,2026-08-25 16:26:20
sz.000962,empty_from_all_sources,1,2026-08-25 16:26:20
sz.000977,empty_from_all_sources,1,2026-08-25 16:26:20
sz.000988,empty_from_all_sources,1,2026-08-25 16:26:20
sz.001258,empty_from_all_sources,1,2026-08-25 16:26:21
sz.001309,empty_from_all_sources,1,2026-08-25 16:26:21
sz.001389,empty_from_all_sources,1,2026-08-25 16:26:21
sz.001896,empty_from_all_sources,1,2026-08-25 16:26:21
sz.002008,empty_from_all_sources,1,2026-08-25 16:26:21
sz.002015,empty_from_all_sources,1,2026-08-25 16:26:21
sz.002046,empty_from_all_sources,1,2026-08-25 16:26:22
sz.002056,empty_from_all_sources,1,2026-08-25 16:26:22
sz.002080,empty_from_all_sources,1,2026-08-25 16:26:22
sz.002119,empty_from_all_sources,1,2026-08-25 16:26:22
sz.002138,empty_from_all_sources,1,2026-08-25 16:26:22
sz.002141,empty_from_all_sources,1,2026-08-25 16:26:22
sz.002149,empty_from_all_sources,1,2026-08-25 16:26:22
sz.002156,empty_from_all_sources,1,2026-08-25 16:26:22
sz.002167,empty_from_all_sources,1,2026-08-25 16:26:22
sz.002176,empty_from_all_sources,1,2026-08-25 16:26:23
sz.002185,empty_from_all_sources,1,2026-08-25 16:26:23
sz.002192,empty_from_all_sources,1,2026-08-25 16:26:23
sz.002240,empty_from_all_sources,1,2026-08-25 16:26:28
sz.002241,empty_from_all_sources,1,2026-08-25 16:26:28
sz.002245,empty_from_all_sources,1,2026-08-25 16:26:28
sz.002281,empty_from_all_sources,1,2026-08-25 16:26:28
sz.002317,empty_from_all_sources,1,2026-08-25 16:26:28
sz.002353,empty_from_all_sources,1,2026-08-25 16:26:28
sz.002354,empty_from_all_sources,1,2026-08-25 16:26:28
sz.002579,empty_from_all_sources,1,2026-08-25 16:26:29
sz.002580,empty_from_all_sources,1,2026-08-25 16:26:29
sz.002600,empty_from_all_sources,1,2026-08-25 16:26:29
sz.002636,empty_from_all_sources,1,2026-08-25 16:26:29
sz.002687,empty_from_all_sources,1,2026-08-25 16:26:30
sz.002709,empty_from_all_sources,1,2026-08-25 16:26:30
sz.002716,empty_from_all_sources,1,2026-08-25 16:26:30
sz.002747,empty_from_all_sources,1,2026-08-25 16:26:30
sz.002762,empty_from_all_sources,1,2026-08-25 16:26:30
sz.002812,empty_from_all_sources,1,2026-08-25 16:26:30
sz.002821,empty_from_all_sources,1,2026-08-25 16:26:30
sz.002851,empty_from_all_sources,1,2026-08-25 16:26:31
sz.002859,empty_from_all_sources,1,2026-08-25 16:26:31
sz.002870,empty_from_all_sources,1,2026-08-25 16:26:31
sz.002896,empty_from_all_sources,1,2026-08-25 16:26:31
sz.002916,empty_from_all_sources,1,2026-08-25 16:26:31
sz.002938,empty_from_all_sources,1,2026-08-25 16:26:31
sz.002975,empty_from_all_sources,1,2026-08-25 16:26:31
sz.300033,empty_from_all_sources,1,2026-08-25 16:26:32
sz.300054,empty_from_all_sources,1,2026-08-25 16:26:32
sz.300059,empty_from_all_sources,1,2026-08-25 16:26:32
sz.300088,empty_from_all_sources,1,2026-08-25 16:26:33
sz.300139,empty_from_all_sources,1,2026-08-25 16:26:33
sz.300142,empty_from_all_sources,1,2026-08-25 16:26:33
sz.300209,empty_from_all_sources,1,2026-08-25 16:26:33
sz.300223,empty_from_all_sources,1,2026-08-25 16:26:33
sz.300236,empty_from_all_sources,1,2026-08-25 16:26:34
sz.300260,empty_from_all_sources,1,2026-08-25 16:26:34
sz.300274,empty_from_all_sources,1,2026-08-25 16:26:34
sz.300285,empty_from_all_sources,1,2026-08-25 16:26:34
sz.300567,empty_from_all_sources,1,2026-08-25 16:44:30
sz.300570,empty_from_all_sources,1,2026-08-25 16:44:30
sz.300604,empty_from_all_sources,1,2026-08-25 16:44:30
sz.300607,empty_from_all_sources,1,2026-08-25 16:44:30
sz.300615,empty_from_all_sources,1,2026-08-25 16:44:30
sz.300620,empty_from_all_sources,1,2026-08-25 16:44:30
sz.300655,empty_from_all_sources,1,2026-08-25 16:44:30
sz.300666,empty_from_all_sources,1,2026-08-25 16:44:30
sz.300671,empty_from_all_sources,1,2026-08-25 16:44:30
sz.300684,empty_from_all_sources,1,2026-08-25 16:44:31
sz.300706,empty_from_all_sources,1,2026-08-25 16:44:31
sz.300725,empty_from_all_sources,1,2026-08-25 16:44:31
sz.300726,empty_from_all_sources,1,2026-08-25 16:44:31
sz.300747,empty_from_all_sources,1,2026-08-25 16:44:31
sz.300750,empty_from_all_sources,1,2026-08-25 16:44:31
sz.300759,empty_from_all_sources,1,2026-08-25 16:44:31
sz.300765,empty_from_all_sources,1,2026-08-25 16:44:31
sz.300795,empty_from_all_sources,1,2026-08-25 16:44:31
sz.300806,empty_from_all_sources,1,2026-08-25 16:44:31
sz.300821,empty_from_all_sources,1,2026-08-25 16:44:32
sz.300857,empty_from_all_sources,1,2026-08-25 16:44:32
sz.300862,empty_from_all_sources,1,2026-08-25 16:44:32
sz.300870,empty_from_all_sources,1,2026-08-25 16:44:32
sz.300903,empty_from_all_sources,1,2026-08-25 16:44:32
sz.300929,empty_from_all_sources,1,2026-08-25 16:44:32
sz.300975,empty_from_all_sources,1,2026-08-25 16:44:33
sz.300996,empty_from_all_sources,1,2026-08-25 16:44:33
sz.301013,empty_from_all_sources,1,2026-08-25 16:44:33
sz.301071,empty_from_all_sources,1,2026-08-25 16:44:33
sz.301080,empty_from_all_sources,1,2026-08-25 16:44:34
sz.301095,empty_from_all_sources,1,2026-08-25 16:44:34
sz.301165,empty_from_all_sources,1,2026-08-25 16:44:34
sz.301217,empty_from_all_sources,1,2026-08-25 16:44:42
sz.301308,empty_from_all_sources,1,2026-08-25 16:44:43
sz.301377,empty_from_all_sources,1,2026-08-25 16:44:43
sz.301396,empty_from_all_sources,1,2026-08-25 16:44:43
sz.301511,empty_from_all_sources,1,2026-08-25 16:44:43
sz.301526,empty_from_all_sources,1,2026-08-25 16:44:43
sz.301536,empty_from_all_sources,1,2026-08-25 16:44:43
sz.301611,empty_from_all_sources,1,2026-08-25 16:44:43
